id,eng_anger,eng_joy,eng_trust,eng_sadness,eng_disgust,eng_fear,eng_anticipation,eng_surprise
0,-1.488669025829479,0.920816159155271,1.2740607264437465,-0.4267805378098101,-1.2037474440169678,-1.5955341720227276,-1.00398985988032,-0.8579175171151896
1,0.0,0.0,2.0,0.0,0.0,0.0,0.0,0.0
2,-1.8834435477743885,0.23343111793697,3.5475008411361446,-1.1001501653075143,-2.101932002315844,-1.0858685709980382,0.1770362159090303,-0.673468068578917
3,-1.716078768807819,3.2726489668734127,4.733067140875059,-1.587196247087707,-2.467392492446157,-1.1984590387149685,2.184704174671497,0.3144854510165753
4,-2.3214087795145124,0.9598701718498858,0.6746035902561947,-1.708988572515019,-2.204898537434421,-0.5594532462194358,0.7726346438631033,0.3393058858906527
5,-1.406231142703899,-0.5375800453990652,2.1122827758661256,-1.2788334794972145,-1.677525383148618,-0.3849744486701783,1.586306892877517,-0.3237629581862367
6,-2.075974021325444,0.3781429796338099,3.699772754541221,-2.2060896540386232,-2.348828079744885,-1.5599746536371073,2.7738278238369194,-0.4451528141416487
7,-0.0634975533681246,2.4306857625283045,1.042566526855272,2.6312230080302115,-0.3920015680094081,1.1496611635264835,0.1745535484185182,-0.9852330964557384
8,-1.7814970879615433,0.7105680017379672,1.2389257786622851,-1.077853393943444,-1.755146712166991,-0.3189375531046914,2.496349265758372,-1.019007069242468
9,-2.16952222894809,2.3403280168530958,3.87096457416579,-2.5181059921715736,-2.2980414377760088,-2.897923732714538,3.6201693485183646,-1.7993180833321485
10,-1.4393028468300872,-0.5691265620702859,3.0724836504085458,-0.7551344855298919,-1.7334305679188642,-1.4474742719645723,2.4204336473626125,-0.9491974782510662
11,-1.114099436525663,1.1467792063717248,2.543455130688828,-1.0016038502687548,-0.6997799871518103,-0.8984327906653605,1.7049858486761835,0.3047039913192402
12,-1.2971389304421164,-0.9489099815165024,2.178723096105472,-0.5489824838915263,-2.764580178700797,-0.3099643115924768,0.3631079155843357,0.1944830271371997
13,-1.1840426128056196,0.6735635245560362,3.5136610036002733,-2.406464636210253,-2.0720082880497284,-1.4024407851052445,-0.297212798658558,-0.4399011242477652
14,2.513023033979985,-2.1137481618283664,2.1933752570415512,0.8992230070358006,0.8186223314813464,1.7672602040193086,0.6590549997820415,-1.743034541087554
15,2.422724171492314,-0.722969499669131,2.009115817518905,-0.4006415401075018,-0.6997799871518103,1.2751949286863182,-0.3409971697352367,-0.5042446582008665
16,2.3492822947842584,-1.9775265955751329,1.507044158139442,-0.6218984729061797,-0.3301154368445073,0.2165481273769752,-0.8458501830846046,-0.3237629581862367
17,-1.8179290794002272,-1.563447643010702,0.7553106806996198,-0.5752925231111199,-1.9316805106097823,0.4514728446659806,0.2114822626690468,-0.5426242873490856
18,-0.5571969141456621,1.979201327796667,2.592907638378076,0.1987196014552349,-1.7334305679188642,-1.8914847848371408,2.969699981862449,-0.3049457961802067
19,0.0648417661469961,2.3932783437322955,4.146473070198592,0.200320770053751,-0.0877275202551833,-0.3550258608274408,1.7049858486761835,1.113652640839347
20,-2.0828204034888183,1.201816086637371,4.972364713495375,-2.5716312291239074,-2.363847761184513,-1.466717595245138,2.48410718281118,-0.4306755539402265
21,-0.826270767338732,0.7105680017379672,2.158920168758041,-1.077853393943444,-1.755146712166991,-0.3189375531046914,2.496349265758372,-0.2623186514881601
22,-0.6663058925754533,1.0737741289841936,2.48785016165475,-0.4502167423629136,-1.7026855399668144,-0.260462474433104,0.1347155719410204,-1.1840580440767343
23,-0.7091513760558361,-0.4496629196611912,2.867939119298352,-1.6154299045959657,-1.1434063866306452,-0.3015615348637841,1.260225363272406,0.5998469443981177
24,-0.6663058925754533,-1.1580889566642458,0.5592841448681222,0.2606517982101079,-0.2453227382833782,1.7094217859853302,0.1347155719410204,-0.2517288755123766
25,-1.4393028468300872,-0.0594609840968953,3.0724836504085458,-0.7551344855298919,-1.7334305679188642,-1.003463759092004,2.969699981862449,-0.3049457961802067
26,-2.4806926778837384,1.7305221738911416,1.9437821041580927,-1.829974093500216,-2.2284234824581803,-1.4416378864324588,3.91180124626246,-0.766724841159412
27,0.394718780867522,1.8860902213169704,1.1561446304377458,-1.0195857032052136,-0.5500852214545284,-0.0881751133098757,3.516766563026828,1.3668244230878266
28,-1.114099436525663,3.639777481092866,2.543455130688828,-0.4006415401075018,-1.3118324540484374,-1.4418397205032802,3.0689745276171307,0.3047039913192402
29,-1.3678392760623048,1.2882042423353504,5.773548306253212,-1.4247254482489813,-1.6356012004657228,-1.3573864892437464,1.6188282393303512,-1.120857087759742
30,-1.406231142703899,1.6223397798650363,3.3227600113194926,-1.9357684860882491,-1.677525383148618,0.2165481273769752,-0.0351311577638974,-1.2576945683388423
31,-0.8597603690031591,-1.1995063581752765,3.7917966184134255,-0.6279144801083936,-1.8997232765467176,0.112644900461866,1.4215432527361025,0.396979120255611
32,-1.3627928882989235,2.56168285274982,1.844994822725874,0.2606517982101079,-1.7026855399668144,-0.260462474433104,0.9595047879064516,-1.1840580440767343
33,0.1289555532840793,0.7105680017379672,2.61891736380592,-2.7590805248777595,-0.1942454859315245,-0.7767426532549664,1.361645054050021,-1.7756954869967758
34,-1.875930509793563,0.7625132286842571,2.460326514802719,-0.9974657486671086,-1.5823310333329954,-0.6210763236999458,1.229469357396947,-1.0777334124140934
35,-0.2832197729043677,1.5448643253910868,2.6384817834196665,-0.7415925935752691,-1.2476152601491584,-0.0337837330835872,2.035526102300857,0.5188027317036679
36,-1.3038839276501375,-0.9043592749392306,3.998908948949554,-2.198671481232988,-1.755146712166991,-2.6079630538560665,2.496349265758372,-1.7756954869967758
37,-2.032150048951925,3.782259605129138,2.717521393592809,-1.9357684860882491,-1.677525383148618,-2.189542176811639,2.3970259181982243,-0.3237629581862367
38,-0.5571969141456621,0.4502045938764952,4.511211686499957,-0.7551344855298919,-1.2619625984033072,-1.8914847848371408,1.3219009783629398,-1.5934491603219256
39,-0.0536032800390296,-0.7604220370216683,3.422763349831657,-1.0927629777348338,-0.5788084419336081,-0.0109978130273799,2.000004050822428,-0.5669084372142384
40,-0.7803122364558727,-1.257553320487099,0.9018055404127584,-0.6218984729061797,-1.677525383148618,-0.3849744486701783,-0.0351311577638974,-1.2576945683388423
41,-1.4936796760732325,-1.1860882315433667,2.9944751334327373,-1.3202320061742507,-1.6511116994379265,-1.4416378864324588,2.218380793334988,-0.766724841159412
42,-1.4936796760732325,-1.7694103126302685,0.893089074883448,0.2089942558036459,0.6581354326430897,-0.0450026896733491,-0.0395131439016409,-0.766724841159412
43,-0.0634975533681246,0.234282965062969,2.4546205135667014,0.3061364029961509,-1.2320049280295684,0.7850751708648082,2.5333852838038995,1.196094792376155
44,-0.7803122364558727,0.1823932296889686,0.9018055404127584,-0.6218984729061797,-1.677525383148618,-0.3849744486701783,0.7755878675568098,-0.3237629581862367
45,-0.5425259391174654,-2.0908307260677543,2.2056702824933114,-0.2036466719195726,-1.317897424377206,-1.466717595245138,1.9046109504291,-1.8125222510746428
46,-1.6493346525358583,1.3328024315471856,1.804238482788806,-0.9824366105664828,-2.184020339980725,-1.1195813945640407,3.279654648389325,0.535879669218829
47,-1.9647567163767747,-0.1366440408244459,2.88081272868859,-0.8064772831009793,-1.7620244945594463,1.139320033737565,0.6450970406145049,-1.2801088767138336
48,-1.4980318755568742,0.3840684497337926,3.255320424740665,-0.6674567543141637,-1.3241022442571242,-1.1186866992366715,0.7769921894914685,-0.9441726037137896
49,-1.875930509793563,1.537950410397061,3.90899767170324,-1.7706950111997508,-1.5823310333329954,-2.04338851537921,-0.5144588091235452,-1.0777334124140934
50,0.7659619848809758,-1.0787921400436764,4.031635674469486,-0.2782074420373285,-0.7904946288877504,-0.5594532462194358,1.871167312862776,-0.9491974782510662
51,1.6927321310795922,1.5448643253910868,0.149348025476585,0.5906096703324,0.1782307514498797,1.754766841929854,0.5728726156176064,0.5188027317036679
52,-0.9982498804878748,-1.0787921400436764,1.633755614317135,-1.2320615290224552,-1.2619625984033072,0.3285677795257005,1.3219009783629398,0.9835575679615124
53,-1.3231546493844657,-0.7604220370216683,2.974562125497525,-2.0429916540259936,-1.8682331888154085,-1.6606697671343271,2.540059150054407,-1.1831132602731933
54,-1.8217682393573176,0.8063323312373389,0.8260776724865023,-0.5143577496873318,-1.1374485505776857,1.3158035333369356,-0.0443514586117904,-0.5518940990492133
55,-1.1873361504249738,1.3328024315471856,2.699642196331638,-2.050302491617008,-1.6627744354507197,-1.1195813945640407,2.0985065157160987,0.535879669218829
56,-0.6663058925754533,0.3298197671013805,1.844994822725874,0.9715203387831296,-1.7026855399668144,0.3961656123730407,1.7842940038718824,-0.2517288755123766
57,-1.4451553309345138,-1.2435794212676308,3.2288349658056226,-1.5382903983793634,-2.195001042420136,-0.905997079634964,2.26174127676638,-1.1013087801326102
58,-0.4295025404229752,3.9603726666832624,2.695271074714765,-1.1585690504541084,-2.063921912900641,-1.212966997069325,0.7221214509363046,1.6575655832509009
59,-0.7191282557532582,-0.1025472487142533,2.4972463987856783,-2.2060896540386232,-1.4325102332904436,0.1189218345822009,2.210804584898438,-1.0965959567879642
60,-1.3038839276501375,0.1722589095122346,2.158920168758041,-1.638262437588216,-1.755146712166991,-1.2345477534052414,0.7942929481958454,-1.7756954869967758
61,-1.2692583310902996,0.8858175940817816,2.934091490410061,-1.7070155193952905,-1.9316805106097823,-1.570047355330947,1.5613690456629623,1.022638080004046
62,-0.7091513760558361,1.3610602467597133,4.082024353244032,-0.7718633747808401,-1.1434063866306452,-1.0916790934588514,2.2751719645656183,-1.3849407392721245
63,0.7371262090672691,-2.079131104090227,1.706398046761714,0.8820965920776774,-1.7954256099407422,0.517034982618906,0.4855046719760293,-0.0036588331565868
64,-1.1234303763152544,-0.1510909358210715,2.6341704363950917,-1.0195857032052136,-2.337365724375379,0.8737352137069494,0.4850712500726658,0.6253283526966006
65,-1.464448420960265,-0.5787364068792157,2.1636594228972568,-0.605112497689407,-2.063921912900641,-1.6988015753347423,3.3321989844410207,-1.489710840643215
66,-1.3678392760623048,-0.6392834020566953,0.8260776724865023,-0.5143577496873318,-0.6392959006896479,0.4247401924767083,2.173221471977732,1.1549948670823738
67,-0.266846333895863,-1.0639277054103795,3.699772754541221,-0.8234429349336365,-1.4325102332904436,-1.1402505315822802,3.336851062775401,0.2062903285046667
0,0.1239398530807233,-0.4634452564622844,3.5407663263518505,-0.1915301171270227,-1.5357507233217675,-0.2953288591668229,-0.5014313659594016,-0.035706695811806
1,-0.5810291611757846,1.1641984557996297,0.9498772410058984,-2.509439230069012,-1.488503004995825,-0.3750792058304324,2.321436165815379,-0.6556676164417509
2,-2.859886778874454,2.893123797798373,3.0974051508270053,-0.3999104681039876,-2.320402723421999,-2.3031474582407947,1.74916554158629,-0.0770371215771345
3,-1.3433282662192545,2.3136183581555687,2.5718045669864127,-1.9798462137179065,-2.4033390269281454,-0.6690074990712523,1.129322838942923,0.6969847191519561
4,-0.5350867003787565,-0.2216528586880517,1.510886621021858,-1.6727192263408128,-1.567051946879742,0.4701623459816273,0.3688053825915631,-1.1272162583970102
5,-0.8624231589808579,2.816943599233648,2.067199354366449,0.5671257593325735,-0.720066556706098,0.3052752665664939,1.7310934458396847,-0.0633622471956324
6,-1.130441135003963,0.3267663468684672,2.823237783706646,-1.2337336728175992,-2.314280666822496,-1.165880251068366,2.178694856263492,-1.002059428389752
7,-0.959816376714818,1.5713038756245117,3.4449421994243417,-0.9548471324177128,-1.7593465159016504,-1.7673815758482292,2.4078503059199403,-1.0475847996820953
8,-2.031535852670983,1.267263170160355,3.028354412263305,-2.4898915226512983,-2.1226618277759464,-0.2953288591668229,1.944575297257192,-0.035706695811806
9,-1.1762789028319285,0.0845076870279813,1.6072404771568174,-0.2833547879947771,-1.858433850147918,-0.7145135929689037,2.596441458119398,-1.2429187772943402
10,0.4277500395091164,0.3345754777441876,1.8762779240207292,-1.9101685263368364,-1.1840754471979904,0.0842706150755378,0.9072368259118824,-0.2640001708698864
11,-0.3832689770383425,1.4680453784100584,2.25293284753379,-0.1649178715929395,-1.3229755372749308,-1.4042460361004043,1.1850097031079545,-0.1301005211260859
12,2.5124005834005985,-0.5655514439564913,0.5212671817805894,0.897290161983461,-0.5573133016196207,0.3572567964844521,-0.8840430701907869,1.2484551638301726
13,-1.857722115837194,0.5646748623782858,1.935731205632428,-0.5918982676604543,-2.0933242525409983,-0.946064150931641,1.4313136286111832,0.7598475051166187
14,-1.8253847263604517,-0.4545261244100931,3.08449597291106,-0.6826433422415161,-2.398347065894132,-0.9463346342363008,0.161629924449998,-0.970238587155932
15,-0.9537979997951298,1.267263170160355,4.053178240440396,-0.1915301171270227,-1.5357507233217675,-0.8134496647226522,0.1100702998447468,-0.7498406120479291
16,-1.2240395334844514,1.163677508112272,3.747396421876583,-1.6727192263408128,-1.567051946879742,-1.5448191367967752,1.2539383008113143,0.8331598431630077
17,2.023007484449522,-0.7063330883129039,1.562594141746486,-0.4516630298876185,-0.720066556706098,1.7666994150231137,-1.2777595886441244,0.6969847191519561
18,-1.2436759638879114,-1.7624484353996384,4.533677854308782,-1.1710961002688978,-0.848286824356276,-1.532619801940082,-0.6899382292260675,-1.1410562434856897
19,1.8863739757784077,-1.331743224284119,3.0173055900183945,1.270045480828167,-0.3951954945508353,1.1906191805171242,1.6414261131514365,-1.1675359918229833
20,1.0279746697725425,-1.191683748179385,2.550793939330446,0.381619790747822,0.6924537788808417,0.1317845858323139,-0.7197465841610998,-1.4180718216065775
21,-1.2436759638879114,0.3985918804854767,2.5374400515309423,-1.8925105357528185,-0.848286824356276,-0.314643800398295,-0.6899382292260675,-1.1410562434856897
22,-1.5802187749259642,0.3267663468684672,4.663479685090663,-2.584536964223729,-0.9088470634889964,-1.165880251068366,1.110707181624525,0.2174855148837797
23,-1.0532275487266831,2.114166507192108,2.6640140107520685,-1.4590264334469287,-1.4674209647039411,-2.0477464569698576,3.378753558183711,-0.8977182303872221
24,-0.7234474893669309,1.462833756962653,2.7852521248269317,-0.3139110478868199,-0.0184271151799186,2.3297433590109624,2.2904566870593457,0.7243608284144268
25,-1.68984881077462,-0.7210539915229832,2.543970546884036,0.9221463510858954,-1.9699700231827728,-0.7891744881219879,1.4615714551852974,-1.1719610583508937
26,-0.8042642969959445,0.1577491446148855,5.519391020002796,-1.0911864519168086,-1.7819070745380308,-1.7693034738587654,1.555767263355474,-1.7252013132614097
27,-1.130441135003963,0.8346933109127166,1.4430563576686335,1.017605146192618,-1.3773249312668294,-0.3534201457942434,1.110707181624525,0.2174855148837797
28,-0.4366727620963717,-0.9913680036346126,2.174615154943196,-1.6767841319136272,-1.873161577012205,0.8225151493829532,-0.3957146426189608,-1.70526781984982
29,-2.031535852670983,0.1134575524119286,4.565590154528942,-2.4898915226512983,-2.1226618277759464,-2.36781208139014,0.7215719656488953,-0.7498406120479291
30,0.905482127275138,-1.192331110165456,0.8182697802018181,0.9221463510858954,-1.512546643186773,1.6515713514305514,-0.5802047336649435,-1.1719610583508937
31,-0.3815180517424612,1.3069678759994112,2.5718045669864127,-1.4704518191078104,-0.720066556706098,0.3052752665664939,2.934634659633209,-0.8237092135432211
32,-0.1088430606980819,-0.2208683648696927,0.2356162549603451,-0.4038137269342131,-0.7774109456702248,0.5386011639848117,1.087648129929763,-0.5576267229047727
33,0.0994034524377008,-0.8939118194843522,2.753549194834357,-0.1198038537712818,-0.6953783705514267,0.1965892748731963,0.9367617209063464,-1.007364428409228
34,-1.6218405542534784,0.2266502514404254,3.4904768704751024,-0.8330264985415194,-1.8494143492497392,-0.7469667432132308,0.1411481897704975,-1.2325939452341526
35,-1.231005659030894,-0.0365138229082392,2.492586649147344,-1.183165695831688,-1.7076403744078914,-1.4992071197716308,1.264389793228936,-0.0526868778487812
36,-0.2476447597158043,0.3345754777441876,1.1898347810863164,0.6198560118576489,-0.4561602132647995,0.0842706150755378,1.691591430446651,0.7018541128004294
37,-0.9273697075112326,1.1933487229070416,4.722682565856882,-1.028695669280162,-1.859513549970475,-1.0940826816025162,0.8868212882163488,-1.0834726777719226
38,0.0532809259122474,1.3846259489969266,2.6932137725330456,1.48761263697258,0.7438072469086768,0.3572567964844521,1.2042476467953238,2.07891314420501
39,-2.031535852670983,0.6903603612861418,3.5407663263518505,-1.9153011712702293,-1.5357507233217675,-2.36781208139014,3.779080294669637,-0.035706695811806
40,2.27941555883243,0.6903603612861418,-0.046117072267969,0.383060234254046,0.2249825900407684,0.2227919463890064,0.1100702998447468,-1.4639745282840522
41,-1.4013901589429625,0.2853715889873915,1.553681530343044,-0.5347703923607168,-0.962903657239718,-0.7507484882404061,0.1031135621029352,0.153392997769474
42,-0.6806634950819619,-1.7049415093085305,3.2832982590526507,0.1170696185885312,-2.314280666822496,-1.5721103037054276,0.5767133443050418,-0.3922869567529861
43,-1.3433282662192545,-0.2030078472348251,3.076409779606376,-0.9610574244977144,-1.8422482035207963,-1.6432902647089986,2.934634659633209,-0.0633622471956324
44,-1.70793204642959,2.78690155486298,5.980364657530869,-2.548260349135099,-2.325171426531333,-2.7522498482247464,1.555767263355474,-0.2895275435570465
45,-0.7234474893669309,0.9366345638106196,3.290131664070484,-0.8370961276981868,-1.6768674813726006,-0.5603586714643871,0.4885239787084618,-0.7795024831726184
46,-1.2240395334844514,-1.6069832254883756,1.510886621021858,0.3952028941354667,-1.567051946879742,-0.2014981482778401,0.3688053825915631,-0.1470282076170012
47,-0.9804687430309376,1.7967495664194293,1.6523446459133853,-0.2110508659902319,-2.051097734978028,-1.4389545282761431,3.010348212246732,0.5490072278752625
48,-0.6806634950819619,-1.1970145452642809,3.2832982590526507,-0.7834659090155557,-0.4403691957111633,0.0528099068428179,1.110707181624525,-1.611831900026518
49,-1.8242333734576512,1.8102931170774896,2.067199354366449,-1.4704518191078104,-2.4033390269281454,-1.6432902647089986,0.5275522320461611,-0.8237092135432211
50,-1.2240395334844514,1.856342691512434,0.7653833540702835,-0.9834118528487196,-1.567051946879742,-0.8731586425373076,1.2539383008113143,-1.1272162583970102
51,-1.9182252548663377,2.693494944987947,4.3546695482051465,-2.2241389264808835,-1.42775267698589,-1.5371799387675231,4.8588788724193055,-0.2660761411884614
52,-2.516554741656195,0.2853715889873915,2.5883196193617195,-1.1036750650848834,-2.227109771777641,-1.2534818509013923,-0.5413462010404098,-0.6135719910778964
53,-0.6491760594453471,-0.8655312546222723,2.2879179151164823,-0.6123960078490976,-1.4674209647039411,-0.2804163732789562,0.0144185784844256,-0.8977182303872221
54,-2.3153857300276592,1.462833756962653,3.795011203314036,-1.8834662873209205,-2.229680936770161,-1.0420423432102788,-0.7127644935254606,-1.531434138966141
55,-1.130441135003963,1.342620274956966,1.9031168330146375,1.4678729099946617,-0.4403691957111633,0.4590399594798793,1.110707181624525,0.2174855148837797
56,-0.8438078675863461,0.2853715889873915,3.105638663871057,-2.241484410533217,-2.227109771777641,-0.7507484882404061,-1.1858059641837546,-1.380536979925267
57,-2.1392520643571387,1.9908612944837176,3.864798898655694,-1.0969484729702834,-1.980920529712145,-1.974229173187496,1.5067033597807031,-0.7607415600650382
58,-2.2683881337939047,-0.5670980120685157,5.433369462115773,-1.996862288836868,-1.1313130212654403,-1.3514554603948887,2.587828876844735,-0.9331116456438248
59,-1.849421838774752,0.9094658299160074,3.6939566466300886,0.2054968958325941,-1.5873981716823171,-1.0230717166356396,1.3663473681799487,-0.0587498509534413
60,-2.3153857300276592,-0.1157638224934472,2.7852521248269317,-1.3602812075095536,-1.6768674813726006,-2.0054096867020617,1.6898124509423844,-0.7795024831726184
61,-0.3862269678805871,0.1382871580394253,0.8185835448807752,-0.0977625803868422,-0.5022658237380904,1.1371294082641787,-0.0464467163751986,-1.253888116888841
62,-1.5802187749259642,-0.1811606171757822,3.2832982590526507,-1.2337336728175992,-1.8458027990446624,-0.3534201457942434,1.6447010189440083,0.8272579865205456
63,-1.7847396498074164,0.4104353706585861,3.795011203314036,-0.3139110478868199,-0.5712405705774793,-1.5237260149561702,1.6898124509423844,-0.0275708273790958
64,-2.7860435879344445,0.8036426349213324,4.590225417466266,-2.4892406083280023,-2.4033390269281454,-2.617573030346745,1.7310934458396847,-0.0633622471956324
65,-2.5282069851493456,1.9908612944837176,5.071710421483634,-2.7061638367408705,-2.8854504519551334,-1.974229173187496,3.987554116829061,0.3444519896662523
66,-3.0734849951333643,-0.0141890369610208,3.0401101063876546,-2.728972071843675,-2.7434391948812817,-2.0477464569698576,2.8981342753695274,-1.471951640016575
67,-1.4919529760071517,0.8294846024357345,0.6419850310853059,1.709489241208225,-1.42775267698589,1.120768082156148,0.7692413445313131,-0.9983957958356028
68,-1.3433282662192545,-0.2030078472348251,3.076409779606376,-1.9798462137179065,-1.281157380113447,-0.6690074990712523,1.129322838942923,-0.8237092135432211
69,-1.0492496409371963,-0.007419494711529,2.5538906247323694,-1.773629142850897,-1.574644178790818,-0.6706710935514859,0.4837392441255204,-0.0921405983463133
70,-2.2683881337939047,0.2372963312910809,4.278425551888046,-2.3978386520571227,-1.996010871914185,-0.9832114657368808,0.7492293195838221,-2.059604578010615
71,-2.1597659211464126,1.7352405907637425,3.21452283236243,-1.0911864519168086,-1.7819070745380308,-1.7693034738587654,3.4127838907028574,-0.2895275435570465
72,-1.70793204642959,-0.8939118194843522,3.21452283236243,-2.548260349135099,-1.7819070745380308,-0.7863570994927845,2.1747728058046016,-0.2895275435570465
73,0.952039202167708,0.6191576340389459,3.08449597291106,-0.1855729474054606,-1.3479760881302782,-1.3885470801411142,-1.5104037767568783,-1.70526781984982
74,-1.7847396498074164,-1.168162208797514,2.7852521248269317,-1.3602812075095536,-2.229680936770161,-0.0786749997184955,1.6898124509423844,-0.7795024831726184
75,-1.9182252548663377,1.2954871880737877,2.962412854285206,-0.7490283635974678,-2.471177288668636,-2.866153949229359,1.3534752770867406,0.4662435134586801
76,-0.9804687430309376,-1.3087435113425474,1.6523446459133853,-1.044146389635884,-1.5873981716823171,0.2245767182858716,1.3663473681799487,-0.0587498509534413
77,-1.6536983818080029,0.575227904804876,3.084432838771962,-0.1965920134155445,-0.9432638090266584,-2.4025343724814183,1.713199615820083,-1.4180718216065775
78,-2.031535852670983,-1.0403480653364976,4.565590154528942,-2.4898915226512983,-2.1226618277759464,-1.849691275834311,1.3330736314530436,-0.7498406120479291
79,-0.5810291611757846,-1.191683748179385,2.550793939330446,-0.7748038175789113,-1.488503004995825,-0.8819429974931788,1.104963065824787,0.8691407938879022
80,-2.190032992124112,1.7531690067943833,2.550793939330446,-1.353015621742278,-1.488503004995825,-0.8819429974931788,0.4967265158294916,0.1067365887230756
81,-1.3602094970989271,0.8171295163616974,4.521854572556482,-2.9560886225540663,-1.8802873003162608,-0.8089438057542605,3.2530487776812413,0.2753816640137517
82,-0.9909777383081768,-0.8200863805112432,3.631262188668132,-1.5240215238186503,-2.0933242525409983,-0.946064150931641,0.9133472973888008,-0.4624273020414812
83,-1.7847396498074164,1.462833756962653,3.795011203314036,-2.4066513671322878,-2.229680936770161,-2.0054096867020617,1.0891682148254231,-0.0275708273790958
84,-1.8253847263604517,3.840208909386063,3.994376790878925,-0.1855729474054606,-2.398347065894132,-1.830759526045928,1.2763190585879158,-0.235209354462044
85,0.0262312259916548,0.0823157548144263,1.7196747459592636,0.8085678422666505,0.2275803785155016,-0.0619097424266737,2.3910081927258333,0.4998198782318439
86,-1.7526270890229656,1.1366036163499174,1.9651760526931012,-0.8740103432461221,-1.5638561175738592,-1.3332302205755635,2.5030836001407706,0.0330229093341913
87,-0.8995767501843983,-0.9913680036346126,2.174615154943196,-1.6767841319136272,-2.398347065894132,-0.9463346342363008,0.161629924449998,-0.235209354462044
88,-2.28389838664666,0.4658239616642964,2.877311846343407,-1.877241913281536,-2.5147972982737388,-2.2707201515571507,3.010348212246732,-1.2742640086108492
89,0.0993870554959354,-0.2030078472348251,2.5718045669864127,-0.9610574244977144,-1.281157380113447,0.7924166493853672,1.129322838942923,-0.8237092135432211
90,-2.6115997958632358,0.6835796266645044,4.136470107418576,-2.0625690500623355,-1.7819070745380308,-2.7522498482247464,1.555767263355474,-1.007364428409228
91,-0.681701274898512,0.3454607758218268,3.9281098028463535,0.1596472873925958,-1.376956662125411,-1.580485382840677,1.7760330222903724,-0.5576267229047727
92,-1.849421838774752,0.4658239616642964,3.285634246486748,-1.46069415145871,-2.5147972982737388,-1.854837339916647,1.3663473681799487,-1.2742640086108492
93,-1.4919529760071517,0.8294846024357345,3.4264984189251866,-2.715842447442022,-2.471177288668636,-1.0941886019469114,3.106177074753023,0.4662435134586801
94,-2.5141748815161424,0.4289989579653352,3.0924583454586863,-1.3268654956973414,-2.94898728548203,-0.3866147197167999,1.939700538080677,-0.4873790244510283
95,-1.2628246157824738,0.5829920295360311,1.9892550353650205,-0.0887472719164973,-2.1622456127827867,0.0987682306656912,1.995631872860525,-0.4229256505107083
96,-0.557605549543668,-1.2816734614744194,2.359613951391354,-1.5240215238186503,-1.6072582496290018,-0.946064150931641,-0.1225853650559636,-1.073564705620531
97,-2.2147867691726786,0.4237244465832237,1.564228947418337,-0.2669300026460695,-2.704370993390242,0.3438089469572885,1.2059380557459305,-2.1431846762843465
98,-1.137240735146557,-0.6231873543678027,1.8530039396875555,-0.1649178715929395,-2.179270383407572,0.18247264875881,2.236793463262944,-0.1301005211260859
99,-1.7502971435649315,2.875033594032371,2.657887375827753,-1.49925231391293,-1.980920529712145,-2.758171928920453,2.995213814009718,-0.2081447851993929
100,-0.8042642969959445,0.1577491446148855,3.21452283236243,-1.0911864519168086,-1.2386427225447287,-0.7863570994927845,0.9367617209063464,-1.7252013132614097
101,-1.2240395334844514,1.163677508112272,3.001893154925008,-1.6727192263408128,-1.567051946879742,-0.8731586425373076,2.139071219031066,-0.1470282076170012
102,-1.4144300512472872,1.053394071141899,1.080202130173738,-0.831843926013743,-2.8082498432045697,-0.163224393301768,1.358785090170426,-1.7200902740286683
103,-1.5802187749259642,1.8505472390012156,1.4430563576686335,-1.2337336728175992,-1.8458027990446624,-2.3845704089795503,2.7126886935829746,1.4370304581573117
104,-1.514226614200664,-1.459680447478947,3.05279066322626,-1.8709648191061063,-1.3229755372749308,-1.4042460361004043,0.6591178230304598,-0.7126401679593067
105,-0.0818298450239669,-0.177355690833411,1.6348477827391985,-0.9893439581817364,-0.688021085406563,-0.3040127729410158,1.7551863027737438,-1.442744505620622
106,-1.5318984799647148,-0.969295183748314,5.433369462115773,-2.798815015277377,-1.996010871914185,-1.7196994550528966,2.128178987529507,-0.9331116456438248
107,-2.62459697114134,-0.0365138229082392,4.619367066508559,-0.3548116497418247,-2.1582051169957257,-1.882636050659516,3.268706506405585,-1.268537905128351
108,-3.0734849951333643,0.8371531807002307,4.168398393294413,-2.30565685904476,-2.7434391948812817,-2.401212473708038,1.4562764269269766,-0.323484820757869
109,-2.405838731576104,0.0845076870279813,1.6072404771568174,-1.4639997379730152,-1.858433850147918,-0.7145135929689037,-0.18794616452875,-1.2429187772943402
110,-1.5465517338492982,-1.6506277353831935,4.261560187365304,-0.5453787864848291,-2.4845133690759527,-1.0657136752017606,1.4254920665097497,1.324870863140435
111,-2.1224039671162465,1.63533160168938,2.112545355213481,-0.9857426511607844,-1.9699700231827728,-1.1959654613807444,1.9720155023978576,-0.5830359034006959
112,-0.7602548560924497,-0.2049408078122304,3.85264847891873,-1.8709648191061063,-1.3229755372749308,-2.197605378530012,2.7626853433404386,-0.7126401679593067
113,-0.8042642969959445,1.2094101087141234,3.6754964698905033,-1.576877750989572,-2.325171426531333,-0.7863570994927845,2.1747728058046016,1.1461462261473163
114,-1.958972450299579,1.5727622159981804,4.657595797399071,-2.241484410533217,-2.227109771777641,-2.2589485762233648,0.7475733252462803,-0.6135719910778964
115,-2.190032992124112,2.9311101087838907,2.550793939330446,-1.9312274259056448,-1.488503004995825,-2.4025343724814183,3.53790926580597,0.8691407938879022
116,-0.5384510312036169,-1.5090846314784343,2.7538629925841187,-1.356565442152169,-1.725428317271113,0.460115416027976,-0.769677881680618,-1.571140086286387
117,-1.835326524108976,2.386822971818313,1.050973574618056,0.8278184139887999,-1.315395935321362,0.2388671787393699,1.0827011292972135,0.2316204912311636
118,-1.7847396498074164,-0.1157638224934472,2.2803725855833785,-0.8370961276981868,-1.6768674813726006,-0.5603586714643871,-0.1121202574084993,-0.0275708273790958
119,-2.1224039671162465,1.1640544830469073,2.543970546884036,-0.0317981500374445,-1.9699700231827728,-1.1959654613807444,2.992903596822978,-0.5830359034006959
120,-2.1396991802501746,2.5313872429946294,3.7929150928321698,-1.193013897372715,-2.306334271687015,-1.9609207443283647,0.88317351467888,-0.3023421066444687
121,-1.514226614200664,1.0497988318544862,1.45307503184132,-1.017941345349523,-2.179270383407572,0.18247264875881,1.1850097031079545,0.4524391257071349
122,-1.8242333734576512,2.3136183581555687,4.085620204846303,-1.9798462137179065,-2.4033390269281454,-2.130431647527872,1.129322838942923,0.6969847191519561
123,-1.958972450299579,2.216457529503575,3.105638663871057,-1.1036750650848834,-1.5950067145086797,-2.2589485762233648,3.32541237781966,0.153392997769474
124,0.2188917847620404,-1.7049415093085305,1.4430563576686335,-1.6840014366196423,-0.4403691957111633,0.4590399594798793,1.6447010189440083,0.8272579865205456
125,-1.791058817204016,0.734566818012454,1.6072404771568174,0.3069676869943419,-1.858433850147918,-0.1786283982422258,1.2042476467953238,0.417997183455335
126,-2.554959123457873,0.221500245761962,2.9753957385545897,-1.4627149017224546,-2.4273934031787725,-0.7891744881219879,2.4824595496104176,-1.7608862133010914
127,-1.3624807382724249,2.229683271712504,2.629555563927128,0.3114974474305949,-1.873161577012205,-1.3885470801411142,1.2763190585879158,0.4998198782318439
128,-1.4149452909028448,-0.8651016430908365,3.6939566466300886,-1.46069415145871,-2.051097734978028,-0.191306093354632,1.9143476495355431,-1.2742640086108492
129,-0.8950725151564365,-0.5868425692171083,-0.0267003545385613,0.1897444044377326,-0.5405900293456231,-1.8486825359276988,0.6861611477069859,-1.0136963195569864
130,-1.857722115837194,1.9494361052678149,4.055144934427058,-1.5240215238186503,-2.5793902554529944,-2.563267827737865,-0.6405516962783459,-0.4624273020414812
131,-1.8242333734576512,-0.2030078472348251,2.067199354366449,-1.4704518191078104,-1.8422482035207963,-0.6690074990712523,2.3328640527364466,-0.0633622471956324
132,-1.2572936544329938,2.1066087203318524,2.112545355213481,-1.4627149017224546,-2.4273934031787725,-1.6027564346395011,2.4824595496104176,-1.7608862133010914
133,-1.70793204642959,-0.3680813374347333,4.597443744946649,-2.548260349135099,-2.325171426531333,-1.277830286675775,0.3177561784572187,0.428309341295135
134,-1.68984881077462,-0.7210539915229832,4.269671313566253,-2.893631653407464,-2.4273934031787725,-1.1959654613807444,-0.5802047336649435,-1.1719610583508937
135,-1.8242333734576512,2.3136183581555687,2.5718045669864127,-0.9610574244977144,-1.8422482035207963,-0.1818661162523791,3.536405266529971,2.2176786518471334
136,-2.4859679688588683,-0.0685641111394136,4.444153400610984,-3.2237274193439958,-3.230331482964776,-1.5047947492067115,1.358785090170426,-1.7200902740286683
137,-1.8912124932547711,-0.2049408078122304,2.6528617553800253,-1.8709648191061063,-2.179270383407572,-1.0075663648856008,2.7626853433404386,-0.7126401679593067
138,-1.958972450299579,0.929066902492786,2.071000574852382,-1.1036750650848834,-2.227109771777641,-2.2589485762233648,3.969872140963005,-0.6135719910778964
139,-2.554959123457873,2.5778858389743253,4.701096505236808,-1.4627149017224546,-1.9699700231827728,-2.416338381157014,2.992903596822978,0.0058892515495018
140,-2.4797740547699663,0.3267663468684672,6.043661111128676,-2.584536964223729,-2.314280666822496,-1.9783403563424888,0.5767133443050418,-1.002059428389752
141,-1.835326524108976,1.104733640492451,2.2187219908603404,-1.5950647489052483,-1.942770785236161,-1.932652627982173,1.0827011292972135,-0.6055620071947292
142,-2.3877944437493945,-1.641529464994301,5.466216950405328,-2.9013212808338547,-2.697761581512387,-1.7894742165193698,2.246513212227786,-1.5994120481395049
143,-1.130441135003963,1.8505472390012156,1.9031168330146375,0.1170696185885312,-0.9088470634889964,-0.7596501984313048,2.178694856263492,0.8272579865205456
144,-1.6218405542534784,1.115474766893075,3.0974051508270053,-1.6992585594165832,-1.3784259750774797,-0.7469667432132308,0.677153973709095,-1.2325939452341526
145,-0.9704646555233032,0.8171295163616974,3.063975613107857,-2.0745512599633904,-1.8802873003162608,0.3430331328198442,2.305098672480297,-0.3023421066444687
146,-1.4919529760071517,-1.5005283257545308,2.962412854285206,-2.2241389264808835,-1.42775267698589,-0.2082059283056875,-0.9834604531349695,-1.7307154504827444
147,-1.68984881077462,2.5778858389743253,2.9753957385545897,-1.4627149017224546,-1.512546643186773,-1.6027564346395011,1.4615714551852974,-0.5830359034006959
148,-2.640394084160382,-0.7452479122204578,4.497174242418175,-2.164649572428781,-2.602824653278887,-1.395074103373273,1.5987709010361022,-1.8560062725254236
149,-1.8242333734576512,0.3003173938432537,3.076409779606376,-1.9798462137179065,-2.4033390269281454,-0.6690074990712523,1.129322838942923,-0.8237092135432211
150,-1.791058817204016,0.0845076870279813,2.6932137725330456,-2.054322212962134,-1.858433850147918,-1.7862839824222594,2.596441458119398,-0.4124607969195026
151,-2.288288714448478,0.6191576340389459,2.174615154943196,-0.6826433422415161,-1.873161577012205,-1.830759526045928,3.5056973268637512,0.4998198782318439
152,-0.9273697075112326,-0.8315642684510604,4.350915373582659,-2.9013212808338547,-2.697761581512387,-1.441778449060943,0.4335906468792029,-1.5994120481395049
153,0.7956190824159179,1.1366036163499174,1.203479908238411,1.5389016473106574,-1.5638561175738592,-0.5625769138844864,0.613963901921321,-0.9576643706915484
154,-2.8431472747293958,1.8013661926627742,5.191698127374816,-2.82508017045562,-3.230331482964776,-3.181757694087891,3.2703233178427724,-0.6162890286626779
155,-1.7502971435649315,2.875033594032371,2.657887375827753,-1.0969484729702834,-2.4331854908336394,-1.5822577953210175,2.0028735111903746,-0.7607415600650382
156,-1.70793204642959,0.6835796266645044,3.6754964698905033,-0.6054951528440452,-2.325171426531333,-2.260776661041756,1.555767263355474,-1.007364428409228
157,-1.4926669262330563,0.1134575524119286,2.515942498174759,-1.9153011712702293,-2.1226618277759464,-0.2953288591668229,1.3330736314530436,-0.035706695811806
158,-0.5810291611757846,-0.0137426461898776,4.151710637654994,-1.9312274259056448,-2.0337422009649915,-1.3888067891559253,-0.111510034165804,-1.4180718216065775
159,-1.3624807382724249,1.6928413924879848,2.629555563927128,-1.6767841319136272,-1.873161577012205,-1.830759526045928,1.2763190585879158,0.4998198782318439
160,-1.7847396498074164,1.462833756962653,4.299890742557588,-1.8834662873209205,-1.6768674813726006,-1.5237260149561702,2.8911009231763067,-0.0275708273790958
161,-0.1944774603961035,0.2225166953864109,3.4624950577130478,-1.49925231391293,-1.980920529712145,0.377599094011374,2.4990436626000463,0.8970487645318975
162,-2.62459697114134,2.245600108856714,5.044723149980802,-1.183165695831688,-2.60876985958356,-2.266064981547401,-0.2388477416535506,-0.6606123914885661
163,-1.130441135003963,0.8346933109127166,2.3631773083606418,1.4678729099946617,-1.8458027990446624,-0.3534201457942434,0.0427195069855586,-0.3922869567529861
164,-1.70793204642959,-0.3680813374347333,3.6754964698905033,-1.0911864519168086,-1.7819070745380308,-1.7693034738587654,2.1747728058046016,-1.007364428409228
165,-1.4926669262330563,0.1134575524119286,0.4662948418205766,-0.1915301171270227,-2.1226618277759464,-0.2953288591668229,0.7215719656488953,-0.7498406120479291
166,-1.6575820756303137,-1.2365468667226809,3.979148181308436,-1.028695669280162,-1.859513549970475,-0.3986911466856626,2.699743853564932,0.9802848036984064
167,-2.034522629127137,2.4487115400720483,3.8835485901232,-1.266142528979051,-1.8494143492497392,-1.914102279483904,3.89318867734068,-0.0770371215771345
168,0.8684907512937973,0.4104353706585861,2.2803725855833785,-1.3602812075095536,-1.12405402597504,-0.0786749997184955,-0.7127644935254606,-0.7795024831726184
169,-2.6366329607084995,2.2482821896900727,1.5835564280233498,-1.996862288836868,-2.8607087225629293,-2.087943449710904,1.2088792088990503,0.1933812867229656
170,-1.68984881077462,1.1640544830469073,3.406820930225144,-1.9396871522841244,-2.4273934031787725,-1.6027564346395011,1.4615714551852974,-0.5830359034006959
171,-1.8253847263604517,2.229683271712504,3.5394363818949923,-1.6767841319136272,-1.873161577012205,-2.2729719719507413,1.8336636256568744,1.2348491109257318
172,-2.1392520643571387,2.875033594032371,5.876318103368928,-2.3038599957982235,-2.8854504519551334,-3.1501433067869318,1.5067033597807031,-0.7607415600650382
173,-1.7847396498074164,2.51523214326672,3.290131664070484,-0.8370961276981868,-1.6768674813726006,-2.0054096867020617,-0.1121202574084993,-0.7795024831726184
174,-2.034522629127137,2.4487115400720483,3.8835485901232,-2.565490620291647,-2.7913910975942584,-2.692192636997686,2.821177109463485,-0.6548155334056436
175,-2.1392520643571387,2.875033594032371,2.657887375827753,-0.6946446320276367,-1.980920529712145,-1.5822577953210175,2.4990436626000463,-0.2081447851993929
176,-0.8995767501843983,-2.065051762083652,2.629555563927128,-2.173854526749683,-1.3479760881302782,-1.3885470801411142,0.161629924449998,-1.70526781984982
177,-2.3153857300276592,2.51523214326672,2.2803725855833785,-1.3602812075095536,-2.229680936770161,-1.0420423432102788,2.2904566870593457,-0.0275708273790958
178,-0.8624231589808579,0.8036426349213324,1.562594141746486,-0.9610574244977144,-1.8422482035207963,-0.1818661162523791,1.7310934458396847,-0.0633622471956324
179,-2.1600665337711917,1.789177322503723,4.194010983036316,-1.5973427188766198,-1.257075631820057,-1.882636050659516,2.7676273281114225,-0.0526868778487812
180,-2.029996414847965,-0.1811606171757822,2.823237783706646,-1.2337336728175992,-2.314280666822496,0.4590399594798793,2.178694856263492,-1.611831900026518
181,-0.557605549543668,-0.8200863805112432,1.935731205632428,-1.990083151897748,-2.5793902554529944,0.266838606673027,1.9492799598335653,0.1487101015375687
182,-2.919188863401422,-0.0399993469547685,4.886324312418638,-2.9560886225540663,-2.306334271687015,-1.9609207443283647,0.4091984620784077,-1.4577896479609096
183,-2.1597659211464126,2.78690155486298,0.9096546447220644,-1.0911864519168086,-1.2386427225447287,-2.7522498482247464,3.4127838907028574,2.581819995851679
184,-1.8253847263604517,0.6191576340389459,2.629555563927128,-0.6826433422415161,0.2275803785155016,-1.3885470801411142,1.8336636256568744,-0.235209354462044
185,-2.554959123457873,0.221500245761962,2.543970546884036,-1.4627149017224546,-1.9699700231827728,-0.7891744881219879,3.503347644035538,0.5948144064996996
186,-1.5318984799647148,2.650479361369871,3.508462945069561,-0.7939331991761042,-1.5636619465898127,-2.456187444368912,1.2088792088990503,-0.3698651794604295
187,-2.4797740547699663,1.8505472390012156,3.743358734398655,-2.134269200421686,-1.8458027990446624,-1.9783403563424888,1.110707181624525,-1.002059428389752
188,-2.4859679688588683,-0.0685641111394136,6.686787580902481,-3.2237274193439958,-3.230331482964776,-3.181757694087891,1.358785090170426,-0.6162890286626779
189,-1.791058817204016,0.734566818012454,3.2362004202211594,-0.8736772629838961,-1.207873575883769,-1.7862839824222594,1.9003445524573608,0.417997183455335
190,-2.6115997958632358,-0.3680813374347333,4.136470107418576,-2.0625690500623355,-2.325171426531333,0.1965892748731963,0.9367617209063464,-1.7252013132614097
191,-2.3493849926507595,1.4198226939418173,2.7538629925841187,-1.356565442152169,-2.599062908294461,-2.0693148815080176,3.378286750131096,-0.4229256505107083
192,-2.744245264219312,1.6551900966331043,4.542263698312259,-2.0054321095109597,-2.744451611875605,-1.815093749745464,1.5217263176676132,0.3894480325136805
193,-2.1224039671162465,2.5778858389743253,2.9753957385545897,-0.9857426511607844,-2.4273934031787725,-1.6027564346395011,2.4824595496104176,0.0058892515495018
194,-1.3602094970989271,-0.4685637786130016,3.063975613107857,-2.0745512599633904,-1.8802873003162608,-1.192936118612295,1.3571485672793522,-1.4577896479609096
195,-2.029996414847965,3.3743281311339635,2.3631773083606418,-1.2337336728175992,-1.8458027990446624,-2.7908004616166115,0.5767133443050418,-0.3922869567529861
196,-1.4926669262330563,3.574874405657208,4.053178240440396,-1.9153011712702293,-0.9488396188675888,-1.849691275834311,3.167578628865489,0.678427220424317
197,-1.065680697147965,1.761489773711841,2.0342417250052462,-1.2407318845586064,-2.471177288668636,0.6777767453355363,0.7692413445313131,0.4662435134586801
198,-2.645184251362985,1.8862919249656305,4.252577386764965,-2.297476555984398,-2.179270383407572,-1.800925707315208,2.236793463262944,-0.7126401679593067
199,-1.8253847263604517,0.0823157548144263,3.08449597291106,-0.6826433422415161,-1.873161577012205,-2.2729719719507413,2.3910081927258333,0.4998198782318439
200,-1.2572936544329938,-0.2497768728805106,3.8382461218956982,-1.9396871522841244,-1.9699700231827728,-1.6027564346395011,-0.5802047336649435,-1.7608862133010914
201,-2.2910943046017027,2.411023186230991,1.935731205632428,-1.5240215238186503,-2.5793902554529944,-2.158966908536309,1.9492799598335653,-1.073564705620531
202,-3.1528514823904743,0.9094658299160074,4.102279046773429,-1.877241913281536,-2.5147972982737388,-1.0230717166356396,0.8183470868243543,-0.0587498509534413
203,-0.1928014091466881,0.9366345638106196,3.290131664070484,-0.8370961276981868,-1.6768674813726006,-1.0420423432102788,1.6898124509423844,1.4762924842079497
204,-1.2091584793798198,2.893123797798373,2.311261711530811,-2.1323745898541158,-2.320402723421999,0.4201687930574423,-0.9308633781066976,-1.2325939452341526
205,-1.8242333734576512,1.3069678759994112,1.562594141746486,-1.4704518191078104,-0.720066556706098,-1.6432902647089986,-0.0742183748506007,-0.0633622471956324
206,-2.2681983723088783,0.6315522852989139,4.252577386764965,-2.72398829286269,-2.607417806473893,-2.197605378530012,-0.9185578172020242,-0.1301005211260859
0,1.938430917986024,-1.3300403602210495,0.3616926329058974,-0.1601509057452139,0.8979228035070783,1.36985683710535,1.5054719279017714,0.4096103601245616
1,-0.6543761976361034,-1.2952385807008202,3.5148536154694363,-1.4007345607191388,-1.256115181861352,-1.7324778063247617,-1.1213999646514936,-0.9551166269097876
2,-1.8233123937236817,1.504988661774078,5.701986427806472,-1.5442291563332884,-1.4021817638956735,-1.527818456013706,-0.3838282337826481,-0.516746824128146
3,-2.027543863577995,1.767846575716911,4.379236014555697,-2.5834390458013106,-2.5736545614956268,-2.2084543503003093,3.3098187985535734,-0.3724910297062681
4,-1.8396893636023703,0.8773742291934277,3.059818646541685,-1.6860178696950987,-1.6013701062022483,-1.2988311682564548,1.4579332257776023,-0.0520291529877332
5,-1.1825497799903146,1.1811516061846432,3.888181905852062,-1.0196770396807606,-0.7868241133229867,-0.7128627370143259,1.0973761564505455,-0.2166042701536112
6,0.4217756949399823,2.17732943828253,3.1173152880546176,0.1853058339656203,0.0524657444935407,1.6157461162373767,1.2531853800287158,0.6650877266541803
7,-1.1825497799903146,-0.2651564830210424,1.936501083059616,-1.0196770396807606,-1.5361804117258313,-0.7128627370143259,0.2378125874292304,-1.2011691344882076
8,-3.249282172625832,1.366557582672427,6.975394169919178,-2.9545172165689806,-3.46810384363056,-4.037822873835127,1.2344415214992834,-0.8862146809588622
9,-1.9916069060617905,0.2120295822748458,3.302161490463473,-1.1550384537028435,-1.798654571211458,-1.0186059120294402,0.8477079608661424,-1.1375393879832252
10,1.3671364092000933,-1.399337748307315,2.6563437858035224,-1.0911072131389237,-1.413425124406196,0.0443532762572742,0.2592844906245515,-1.007193502633244
11,2.697236608870657,-0.2630050344840617,-0.6375387592343724,1.5395138705984188,-0.0565854201905388,0.847281809409427,0.3015663141845487,-0.5097206839635738
12,-0.182331239372368,2.6900191041158714,4.045502313853656,-0.9799554085866544,-1.4021817638956735,-1.012244173894345,2.906128055782906,1.1065416286304277
13,-0.6955503511408856,0.2120295822748458,2.686469478568481,-0.5109649665079494,-0.3711509432658564,-0.3987645862508763,0.8477079608661424,0.682523632789935
14,-1.1475820245453996,-1.678499008393458,1.861139257755168,-2.7741038505998734,-1.9987142820256008,0.2613020765840575,2.400732514078427,-1.035444725275105
15,-0.9332645624064334,0.1016257607117088,3.158202016072812,-1.952388208030137,-1.7874408836401,-1.9317514658272936,1.1493535552283458,-1.2870619640772023
16,-0.5515528318445928,-0.4844424911582158,1.521420089391844,0.7198418934818328,-1.0718002089394756,0.6121770999408693,1.2531853800287158,-0.7913087550703016
17,-0.2760007400805392,-1.197553733782152,3.657894776102877,0.047018709332201,-1.490996852213848,-1.1139720107004552,1.826852231828604,-1.035444725275105
18,-1.0091019840652706,1.2928451144620368,1.8694492009368828,-1.8085580030296795,-1.535428966727986,-1.3591594358247625,0.2182141910320486,0.8545184001090254
19,-1.2787670840478351,1.1959121830873498,5.350427428541429,-2.398034083436172,-1.101104371274917,-1.6527411735263235,0.4811213706831088,0.1566601637709729
20,-2.155881893069883,1.427179161299215,3.158202016072812,-1.952388208030137,-1.7874408836401,-1.9317514658272936,1.1493535552283458,-1.2870619640772023
21,-1.7803813946969955,0.1625236350394801,2.257025207085272,-0.6658906080985215,-1.265746602534074,-0.7056838251754834,3.256020681275924,-0.2440231932656965
22,-1.0091019840652706,-1.5506558704251407,2.9756321600711333,0.5125859580779308,-0.3021526882316118,-0.1755663131907168,0.2182141910320486,-0.6668793448922068
23,-2.4005312853648206,1.6800688603895586,3.805506107791697,-3.137964434154266,-2.7328039037008027,-2.7458970086436025,1.591140726427487,-0.145355312579937
24,-1.6066024541561748,-0.0225015697019555,2.6043058801320056,-1.6109284870217149,-1.9781354729786516,-2.604349749292369,0.5529552042737014,-0.4453967550481046
25,3.1143512554243946,-0.9544432426141276,2.2051952176673253,3.474308378883811,1.8791938812115667,3.66941464880044,0.2601078621620674,-0.1876887538560575
26,-1.6683959370487886,0.2255254012288008,2.1659155218914,-1.5381381688810551,-1.874416162689667,0.6934053939075477,0.4371435420158834,-0.9765830860515268
27,1.8293473563462093,-0.7175473098524099,1.7695501757529657,0.936980204786319,-0.6102703276159643,0.4446461025223102,1.542418511895849,-0.478448608273512
28,-0.6955503511408856,0.8677911769393177,2.686469478568481,0.1331085206869447,-1.0849027572386571,0.8409180653062517,0.8477079608661424,-0.227507877596645
29,-0.6955503511408856,0.8677911769393177,0.8393934428835056,-1.1550384537028435,-0.3711509432658564,0.2210767395276877,0.8477079608661424,-1.1375393879832252
30,-1.566530838799162,1.225176569670364,2.2237231741754737,-2.691173105133725,-2.262711489073371,-0.4286843431215749,2.091499445429841,-1.4093145524054769
31,-1.2767780265541329,0.3655271979186188,3.837941894717933,-0.366321571473228,-1.1711232647951697,-1.0206502417216494,0.4420923829601723,-0.8749375972111051
32,-0.3219558970747085,0.1016257607117088,1.9411684838674896,-0.6391225972475334,-1.104342456771272,-0.6538563395909364,1.1493535552283458,-1.2870619640772023
33,-0.7353177787421783,0.5033556835144728,1.7856442829070664,0.2279141830310576,-1.6536427867127454,0.3501338577435766,-0.6610048355653557,-1.0742758625826914
34,-0.4765186645973179,0.591177603987743,2.6043058801320056,-0.3135364169371123,-1.290486988745053,0.2872302832306169,1.2805278414759402,0.3743518738747875
35,-1.6066024541561748,0.591177603987743,4.491484054140705,-2.259624522064016,-1.9781354729786516,-1.447717736283175,-0.1746174329285374,-0.4453967550481046
36,-2.479437309534049,1.3685830725203414,2.6563437858035224,-1.5803929589411314,-2.5062796020398523,-2.1733105366064445,2.0271332903374035,-1.007193502633244
37,0.1871989999212468,-0.2651564830210424,0.6353805345313186,0.4652895229611236,-0.7868241133229867,0.5715746269754506,0.2378125874292304,-0.2166042701536112
38,0.3646624787447365,-0.8650722229095094,0.1803727146304179,-2.1085029040799226,-1.4021817638956735,-0.4966698917749841,1.5901455399566846,-1.3283910505074328
39,-0.304411771423535,-1.5574777323093236,2.0768805540571886,-1.628244607749601,-1.565473359190836,-0.5193067098656854,0.5337454418941466,-0.9610744623271416
40,0.8863146943583254,1.3685830725203414,2.6563437858035224,-0.112535721534508,-0.3205706467725394,0.9314188014027616,2.0271332903374035,1.2818826397150385
41,0.2893527682570163,0.7644024610054619,1.3326517177648285,-1.295755402638835,-0.421244029902444,-0.0149087764727575,1.8662060844767945,-1.2870619640772023
42,-1.0983263681492736,-0.0081424693877568,1.4830546155678777,-1.642302484957678,-1.893884251743171,-0.6040570788036949,-0.4337100454278918,-1.7975156940343324
43,-0.5515528318445928,0.5802662806180825,1.521420089391844,-0.3492302255505921,0.0524657444935407,-0.391391916355638,2.5147814001918527,-0.0631105142080607
44,-1.6672119736730555,0.7241449174846013,3.528723639638258,-1.2282720127527766,-0.918790827479799,-1.3591594358247625,0.8358015241416198,0.8545184001090254
45,-1.0382170952368803,0.0479118947299333,3.1173152880546176,-1.9528384040992297,-2.196066162372492,-1.896745440800399,1.2531853800287158,-0.0631105142080607
46,-2.01916330901026,1.688117913885684,1.861139257755168,0.047018709332201,0.032155437221411,-2.0308214022234634,2.97461279632825,-1.035444725275105
47,-2.0619652471058063,0.2731797318449052,3.7588319977449194,-2.735016446135182,-2.649959453877279,-1.7644035593890663,0.5354177820076513,-1.8935124337758236
48,-1.8233123937236817,0.3199582194322843,2.941179571218445,-2.1085029040799226,-2.005703326548044,-0.4966698917749841,0.2741630241304628,-1.3283910505074328
49,-0.497675390034534,1.904305650787486,2.5870613573237646,0.4652895229611236,-0.7868241133229867,0.5715746269754506,-0.6217509815920846,-0.2166042701536112
50,-1.6683959370487886,-0.7995900589021111,3.174099628279949,-0.0219012006521944,-1.874416162689667,-1.5975815903684905,2.923267951584889,-0.249598158469745
51,-0.3858267774408633,-0.8325190284675397,1.783192063540428,-0.6658906080985215,-1.265746602534074,-0.7056838251754834,0.3384394256523362,-0.8976567466559546
52,-0.258483877570939,1.2506408613597129,1.6618234686971252,-0.527313523395148,-1.3148889499464826,0.6934053939075477,1.6802057468003864,1.2043716966938185
53,-2.01916330901026,-0.716608459170846,2.759517016929022,-1.833729663955849,-1.9987142820256008,1.178151468107066,1.2529719495787806,0.3006129847572886
54,-0.258483877570939,-0.7995900589021111,4.1822837346684985,-0.527313523395148,-2.433943375432851,-0.6811867966580752,1.6802057468003864,-0.9765830860515268
55,-1.7803813946969955,1.1575662985465,2.730858350630115,-0.6658906080985215,-0.7248292510237859,-1.5359000900878168,3.8395369324006414,-0.2440231932656965
56,-1.3841275835146885,0.5033556835144728,0.4916991503657138,-0.523451255532869,-1.6536427867127454,-0.2864731563356537,2.616705092857896,0.827097345528267
57,-0.2273714293863525,-1.263059327461367,3.3232424899725683,-0.366321571473228,-0.6247204973946241,-1.0206502417216494,-0.1805729451527464,-1.598026520526068
58,-0.9314139901111712,-0.0242662788676666,2.935166606617884,-1.8839177579232191,-1.7392307744929614,-0.5568735518573961,1.7688884581398816,0.0830014589230805
59,-0.258483877570939,0.2255254012288008,2.1659155218914,-2.043550491624009,-0.7553617372032985,-1.139384193513283,1.6802057468003864,-0.9765830860515268
60,-1.5749807627899868,-0.4846297229849785,2.966487358787206,-1.4998608770528812,-0.7921109440057669,-0.75786586128966,1.411444538011798,-1.415486892349317
61,-0.4206879361739776,0.6050884626430528,2.5294712026054618,-0.6480222301358805,-0.9611906605084374,-0.2427311417618466,2.652691504217462,0.1433527105924805
62,-2.326184623721913,1.9941137232986048,2.808543085227204,-1.4490454280443452,-1.7175260321957155,-0.5227720750281618,1.68742303918601,-1.598026520526068
63,-0.5299424426494596,-0.9342517364051616,2.118708579742256,-0.2385747379029404,-0.7675934703069495,1.6755816671700277,0.26558381949409,-0.5554713020236931
64,-1.8014813251380228,0.9083893730452808,4.352641299463297,-1.990407356329904,-1.7175260321957155,-1.0206502417216494,1.064757711073091,-0.8749375972111051
65,-0.7293249574894726,0.3199582194322843,3.49334094253605,0.7128658346532476,-2.005703326548044,-0.4966698917749841,-0.3838282337826481,-0.516746824128146
66,-0.4123930494211612,1.0499941351953468,4.5496101178876085,-1.871327042092493,-0.5479292154764761,0.1674251552704954,0.5354177820076513,-1.3024055345742134
67,-1.6672119736730555,-0.4132554764702698,4.634906598772508,-1.2282720127527766,-1.535428966727986,-1.3591594358247625,2.070976190360762,-0.6668793448922068
68,-2.155881893069883,0.7644024610054619,4.375235548278135,-1.952388208030137,-1.7874408836401,-1.9317514658272936,1.1493535552283458,-1.2870619640772023
69,-1.1553588899329743,1.3615787455292256,2.547294609076343,-0.6696795797911388,-2.7600884446412124,-0.3596876504544623,1.411444538011798,0.5812814510901585
70,1.3671364092000933,-0.9380176115027058,2.6563437858035224,-0.112535721534508,-0.8669978855893676,0.9314188014027616,1.437850357099786,-1.007193502633244
71,-0.0239381518983448,-1.323011807787931,1.4793596499698412,0.3810454083293062,-1.5967431122378437,1.2291091026031236,-1.2495274907331708,-1.1587584313473709
72,-1.9946026356469997,1.3615787455292256,3.804872858208932,-1.9149515256837524,-1.7760996943234897,-1.5542222829600556,0.8937998419194515,1.246870898903317
73,-0.3219558970747085,-0.5611509395820443,3.766718782175473,-1.295755402638835,-1.104342456771272,-0.6538563395909364,0.4325010259798973,0.5603954006269158
0,0.4762109866123286,-0.6646856131598863,1.444582061488039,0.2472806866700422,-0.6922126243937559,0.6722247969871792,-0.9365637801887168,1.078755921879167
1,-0.8170077859495884,1.1691783423106612,3.0494199907015647,-1.5630702409767918,-0.4382384968626677,-1.6854357754038216,-1.15555724385724,-0.8762302154233782
2,-2.406079320060312,0.0784882373084741,3.765458748695624,-2.6168745141628182,-2.268327632944037,-1.590574553477161,0.7549726000832122,-1.1125962118459676
3,-1.17732702662411,2.008162214324668,1.2741868479748657,-1.6831195771638656,-1.6547568141844564,-0.6809624800979575,1.9147491567127448,-0.1578264403136095
4,-1.1136402808198054,0.7057878324241244,2.5612278308770646,-1.626922003688167,-1.582357536982748,0.0797314071880366,1.2400299004897484,-0.1203255274390238
5,-2.3032305694907573,1.1759822386674907,1.444582061488039,-0.9209745259443304,-1.8427045208930728,-1.3699771179105809,1.797929008683449,0.2594476267810655
6,-1.8626414161854736,1.7764254526080745,1.769124035652558,-0.6017950053477074,-1.6801666420749408,-0.5630404519159148,1.1236415763900105,-0.7372396713812541
7,-1.615760628620285,1.826184872147936,1.1542585054265513,-0.8332261736427538,-1.37971687760769,-1.1486734962187173,-0.2798324806676356,-0.9245763173402718
8,0.4476641473887832,0.1756882176083449,0.8943506981632364,0.5381857663725333,1.0987804321969266,0.6591927155608753,0.5239671571524331,-0.940133367768663
9,-1.615760628620285,0.9820316184585972,1.8878973859942745,-0.8332261736427538,-1.37971687760769,-1.1486734962187173,2.42822378385787,-0.9245763173402718
10,-1.1136402808198054,0.7057878324241244,1.0793216606492548,-0.9236415986356452,-0.7285674990424164,-0.623781009176993,1.2400299004897484,-1.182021357783352
11,-1.8644828787393493,2.7602828938470148,1.2741868479748657,-1.0134433528281102,-1.6547568141844564,-1.965797348207311,1.0637495315070804,0.8285888116464506
12,-1.4589348903214436,1.2283040731669037,3.0008274624786995,-1.7959090236256998,-2.182820625326997,-1.3015172865995892,2.969027549543832,-1.325874168331434
13,-0.9033003142916484,2.9154734385918046,1.4840914854457752,0.3451091269509848,-2.107998351897353,-1.3055715131516998,-0.2849856197715621,0.4334432571259159
14,-2.1753652102108934,-0.7432092487456167,3.140183796578345,-1.41960704353188,-1.8144148757331304,-2.1284880452288704,2.318097136027156,-1.5132888984074686
15,-1.6700732755701435,3.0211470428336984,1.309621699285442,-0.4784174743660344,-1.430110299109051,-1.0874850238444194,1.8155405599898944,0.822260459268868
16,-1.7930700252504717,0.2735175746757148,3.340170321337573,-2.620762132700241,-2.287577257435881,-1.015877132514862,0.9966833899320446,-0.224272284415338
17,-1.191453947049523,0.5624262880583651,3.047694090266381,-0.9209745259443304,-1.2674585726434144,-0.8594266391861408,1.797929008683449,-0.5598606683170361
18,-0.9033003142916484,1.8336651125837136,5.305786297752492,-2.08523683749257,-2.107998351897353,-2.2516378270297435,0.8942652206624878,-0.9572837710855784
19,-1.6563993468566998,2.00232205417099,3.0494199907015647,-1.5630702409767918,-1.3449388351992215,-1.6854357754038216,0.89572780441005,0.2666787612158107
20,-2.332751565405948,0.4034949821499201,3.570626529853675,-1.3652366061692582,-1.5050942807293957,-2.444752444753667,0.479608904541735,-1.556401054640449
21,-0.3139322166992779,2.179161488077425,1.004617736978568,1.564928523728573,-1.287978122514698,-0.6037326197063437,0.2290811307406718,-0.3892538343724901
22,-1.7068730615653314,0.8608394895542758,3.140183796578345,-1.934579368875972,-1.8144148757331304,-2.1284880452288704,0.433465318118899,-0.8553372034476996
23,-2.47180952049321,0.9082107293366452,2.362311824551909,-1.5946525563180751,-2.0463475421554507,-1.512150389699534,0.7989385328298619,-0.6311420196458603
24,-0.2438141343150613,-1.3444279939870505,2.915805083208915,-1.6878612582475871,-2.022333062378728,0.1885676236434568,-0.1546907043179345,-2.1865187140870783
25,-1.615760628620285,0.9820316184585972,-1.0466581362766183,-0.0027681932679161,-0.5791074708720866,-0.4075938212388996,-0.2798324806676356,0.0695917658213107
26,2.4051473090241684,0.1395079397224321,0.2043523211370905,0.5040427530102592,0.8146327478013683,1.134677818873319,-0.0641456848059038,0.5570229705158684
27,-2.876109659249805,0.3823029502053953,3.218576759489869,-2.263812264543141,-1.497914030002543,-2.779712355391313,2.35200178829956,0.8951486908822311
28,-0.8170077859495884,2.00232205417099,1.4775540161131293,-0.7181674080163638,-1.3449388351992215,-0.1647418427086442,1.9213703285436952,0.2666787612158107
29,-1.3058616334681108,0.3080714808763069,2.9024745893122543,-1.0351253435748908,-0.804882905862963,-1.512150389699534,1.4247389501900671,-0.6311420196458603
30,2.6378660634504776,-2.0947858730384064,0.3456090020816557,0.2049282299067003,-1.6337686519082624,2.586753498381876,-0.6981310468609366,-1.7852741819862652
31,-1.1041783275422128,2.1485877174984185,1.9435885946022176,0.285104232059323,-1.6990693487761548,0.6379740134090596,3.561094394899278,-0.7968048149054956
32,-0.1691575899053887,0.5332606153247804,4.634851588371645,-0.9070743887739482,-1.284069731380125,-0.9875637227006728,2.231496989247018,-0.4447461964652796
33,-2.258060825968294,0.6081636405595371,2.5898233013131877,-2.1062924081387915,-2.5799667128589934,-3.1000213853212326,3.665187996019916,-1.7852741819862652
34,-1.17732702662411,-0.2481998242423746,0.6151246852292453,-0.3437671284923544,-1.6547568141844564,-0.6809624800979575,1.0637495315070804,-0.1578264403136095
35,-1.615760628620285,0.1378783647692586,2.6215362665619977,-0.8332261736427538,-1.37971687760769,-1.8897531711985351,-0.2798324806676356,0.0695917658213107
36,-0.2144259206592124,0.4513805955443109,1.215963006326337,-0.3817210084860724,0.0909560844976049,0.4902927267270464,2.3675732214153653,-1.156820310580117
37,-0.9033003142916484,-0.3299515394324678,1.9618033369841148,-2.08523683749257,-2.107998351897353,-0.8325383562126781,2.6631414813135628,-0.9572837710855784
38,-1.8462983603065195,1.4461247195822968,4.78408708621878,-1.626922003688167,-0.7285674990424164,-2.0308058419070525,1.2400299004897484,-0.1203255274390238
39,-1.3147896296304913,-0.284207530145753,3.8098071568690313,-2.027035438823281,-1.020992289255192,-1.4506801657789434,1.025240022720939,-0.2695558296876199
40,-0.4352690633633331,-1.4117598654405588,2.9172270400607943,-2.08523683749257,-2.107998351897353,-0.8325383562126781,-0.2849856197715621,-0.9572837710855784
41,-2.127772342992345,0.2557677941096451,2.3597071646014416,-0.6814574954142941,-1.683240498469562,-1.855566117981195,1.5388901671910613,1.4983848340924135
42,-0.4901711745088707,-1.000320503764722,-0.0439374775163748,0.3259090958434011,-0.0712574704672731,1.8887072561207496,0.212749906301416,-0.1578264403136095
43,-2.3073940670765944,0.7518567865756229,2.439515188522454,-0.6270292588264372,-1.508567540931281,-2.2516378270297435,1.4838906408795127,-0.2619202569798313
44,-1.7965026117769145,-0.2565314708474654,3.927118831279061,-0.8987182443166613,-1.5153411307152869,0.8735893035675518,1.4591550317609658,-1.099212916746942
45,2.6378660634504776,-1.1938027018390918,0.3456090020816557,-0.7195600253114964,-0.2144715604821656,2.14930927655856,-0.1527161665008299,-0.5871035900491745
46,-1.7965026117769145,-0.2565314708474654,2.172635362353196,-1.7670450504197155,-2.481552266134173,0.0157274670036713,0.405613492583373,-0.4674813553981248
47,-3.0840581749239813,3.9394288187709927,1.7343638720266663,-2.239463392277817,-2.380349700510414,-1.508446968558388,3.5229454753408915,0.822260459268868
48,-2.642507266842509,0.0053580741084747,5.402517449402775,-2.404558334538063,-2.268589800879893,-1.955416285001751,-0.6050884626430528,-1.548507470476718
49,-1.483081597019522,0.8038314622102045,1.442851237119457,-2.037349278974241,-1.7511396862186892,-0.7254497530501548,-0.7768755159826148,-0.3817797887805391
50,-1.8644828787393493,0.5039208552799727,3.910435498957346,-1.0134433528281102,-1.6547568141844564,-1.965797348207311,1.0637495315070804,-1.1442416922736698
51,-2.446926915369825,2.3603815599566764,3.512041680958887,-2.3746122535802754,-2.182820625326997,-1.8235161983373924,0.871598354418676,-0.6341137326802511
52,-1.88883557698066,2.108489226257322,2.9024745893122543,-1.0351253435748908,-2.0463475421554507,-0.4596095151986981,1.4247389501900671,0.157785504911465
53,-2.2872073273965925,1.2361285766711807,2.48784425035153,-0.860301803740483,-1.963186287913358,-2.48440281698199,1.996607291874419,-0.4095161979918644
54,-1.191453947049523,0.5624262880583651,3.047694090266381,-0.9209745259443304,-1.8427045208930728,-0.3488761604617008,0.430682614247366,1.078755921879167
55,-1.8644828787393493,1.25604153480232,1.9332490107204856,-1.6831195771638656,-1.6547568141844564,-1.3233799141526343,1.0637495315070804,-0.1578264403136095
56,-0.648511101101526,0.4204392388106594,1.153346617506546,-1.2503935082396485,-1.020992289255192,-1.4506801657789434,-0.6978524524403031,-1.243854009281427
57,0.0,0.0,2.0,0.0,0.0,0.0,0.0,0.0
58,-0.648511101101526,-0.9888542991021654,1.153346617506546,0.3028903529276168,-1.020992289255192,1.0504925338399247,0.1636937851403179,-1.243854009281427
59,0.0,0.0,2.0,0.0,0.0,0.0,0.0,0.0
60,-1.0812983674335386,-0.675410459418274,0.56259934466247,-0.2292735858379282,-1.963186287913358,-0.7402822746389393,0.5704592262498339,-1.2746912641718595
61,-2.2872073273965925,0.5989488979746957,3.129592552247884,-1.491330021643038,-1.963186287913358,-2.48440281698199,3.422755357499004,-1.2746912641718595
62,-1.1136402808198054,-1.5152228290503933,2.5612278308770646,0.4829192114693981,-1.582357536982748,0.0797314071880366,0.3457775684057952,-1.182021357783352
63,-1.5019569479945962,3.0715600228396838,0.9996453982605532,-0.6814574954142941,-0.9710089758449236,-1.855566117981195,2.326717897834949,-0.2889529401728907
64,-0.4714038459711749,-0.3538096046196838,2.017722103707814,-1.7915647722783328,-2.223377640179445,-0.6109418206003302,2.463472807151736,1.284359386565418
65,-2.642507266842509,3.756009950040877,2.4377212881451547,-1.8666258212185856,-2.268589800879893,-2.9927724043660757,1.7755874559525648,2.9617084629506154
66,-1.280411830159767,0.5332606153247804,2.3522981385579755,-2.145870974352936,-1.284069731380125,0.4488926012275786,-0.3937935863377093,-0.4447461964652796
67,-0.9649388777972528,1.7943428165617898,0.444756370077763,-1.217205793671124,-1.5764815627361644,-1.8235161983373924,1.5707414194603946,-1.325874168331434
68,-1.5036289098729096,2.2027931892787067,2.7802776093096777,-1.7885542663885277,-2.5393374575825263,-1.4560398052049732,1.206546371919904,0.8951486908822311
69,-1.9072621363898368,1.7329027910959822,3.247081613775674,-1.7669988618629473,-2.3453676074025305,-1.4813938418803776,1.849882283788099,-0.5645914826380775
70,-1.9810681581594565,1.8297327767234843,2.481576887187789,-1.2503935082396485,-1.7964294709679958,-0.8253869908742264,0.1636937851403179,-1.243854009281427
71,-3.0840581749239813,1.643724378927757,3.433332562991564,-2.679724871755763,-2.380349700510414,-2.350370857986326,2.38467553177356,0.1501129448801474
72,-0.648511101101526,-0.9888542991021654,0.4892314826659245,0.3028903529276168,-0.245555107542388,1.6757857087446415,0.1636937851403179,-0.2695558296876199
73,-0.8890317102003668,0.1378783647692586,2.6215362665619977,-0.8332261736427538,-1.37971687760769,-1.1486734962187173,0.6228529408408663,-0.9245763173402718
74,-1.3713315652199638,-0.3299515394324678,3.872650743137473,-0.6270292588264372,-2.707429162863425,-0.3595051992736564,-0.874611039988587,1.1288067712316632
75,-1.6169546406423116,2.684395128345905,4.414252062316901,-1.8666258212185856,-2.268589800879893,-1.4367382253195888,2.370756435601469,-0.0451021593342733
76,-1.6842528474150655,-0.0382307807217891,4.413089156040591,-0.860301803740483,-1.963186287913358,-1.3216557887532894,1.2835332590621265,-1.2746912641718595
77,-1.8393628161482791,0.7518567865756229,2.9172270400607943,-1.5991676446038592,-2.107998351897353,-1.7786046700907217,3.252766901530588,-0.2619202569798313
78,0.0223837749575229,-1.3302527932703248,1.4775540161131293,-0.7181674080163638,-0.4382384968626677,-0.1647418427086442,-0.129914719723595,0.2666787612158107
79,0.0,0.0,2.0,0.0,0.0,0.0,0.0,0.0
80,-0.8761415529968478,-1.152128320255374,0.9996453982605532,0.0234985343246307,-0.2587774532202852,1.2894612006309998,-0.0367652940967149,-0.2889529401728907
81,-1.483081597019522,1.468154984697977,3.300599611093007,-1.402001270978116,-1.109696577713675,-1.9655348009991371,2.074043808724229,-1.3205825480769466
82,-2.1901095577510343,0.1506043987576917,3.7428296912436094,-2.3204449544207337,-2.656940431540969,-0.3468779749017574,1.888087383557238,1.477333668108878
83,-1.17732702662411,2.008162214324668,1.9332490107204856,-1.6831195771638656,-1.6547568141844564,-1.965797348207311,0.212749906301416,-0.1578264403136095
84,-0.7274166760009185,-0.1928391729468317,3.0085903902503395,0.402105484589857,-0.9549905984083696,-1.508446968558388,0.1081356446388965,-1.8663295982860144
85,-1.1136402808198054,2.9267984938986418,3.30218091599097,-0.2203611935831235,-0.7285674990424164,-0.623781009176993,0.3457775684057952,-0.1203255274390238
86,-0.648511101101526,-0.9888542991021654,0.4892314826659245,0.3028903529276168,-0.245555107542388,1.6757857087446415,0.1636937851403179,-0.2695558296876199
87,-1.3147896296304913,1.125086007767072,5.138037426550274,-1.2503935082396485,-1.020992289255192,-1.4506801657789434,2.7483324978821813,-0.2695558296876199
88,-0.9831042863579992,-0.90981091745033,2.567884314128319,-2.156473864640149,-1.7076313867044584,0.1739249562281041,0.9021858421370968,0.0282035748166972
89,-1.9502964030065355,1.266419385560252,3.600776035911062,-1.6699298036092909,-2.021194405486173,-1.7599687405574558,0.919362217840058,-0.6191074737041639
90,-0.4901711745088707,-1.000320503764722,1.9332490107204856,-0.3437671284923544,-0.0712574704672731,-0.0385450460432806,-0.6382497189042482,-1.1442416922736698
91,-1.9810681581594565,2.5343795456798968,1.153346617506546,-2.027035438823281,-1.7964294709679958,-1.4506801657789434,1.88678626030156,-0.2695558296876199
92,-1.1136402808198054,1.4461247195822968,4.043134001104875,-1.626922003688167,-1.582357536982748,-1.3272934255420228,2.1342822325737014,-0.1203255274390238
93,0.0223837749575229,0.3360346304503325,2.263487003407347,-0.7181674080163638,-1.3449388351992215,-0.9250888090562328,-0.129914719723595,0.2666787612158107
94,-1.4589348903214436,-0.4698121570177558,3.0008274624786995,-1.217205793671124,-1.5764815627361644,-0.2575194631239828,1.5707414194603946,0.7494071386221147
95,-2.127772342992345,0.9597158512921546,5.759861580453663,-2.091369554892144,-1.683240498469562,-2.484571581703634,0.7510624365471732,-0.2889529401728907
96,-0.648511101101526,-0.9888542991021654,0.4892314826659245,0.3028903529276168,-0.245555107542388,1.6757857087446415,0.1636937851403179,-0.2695558296876199
97,-0.8170077859495884,0.3360346304503325,2.263487003407347,-0.7181674080163638,0.4684618414738861,-0.9250888090562328,0.89572780441005,-0.8762302154233782
98,-0.8890317102003668,0.9820316184585972,3.355175147129721,-0.8332261736427538,-1.37971687760769,-1.1486734962187173,1.5255383623493683,0.0695917658213107
99,-1.615760628620285,0.1378783647692586,1.8878973859942745,-0.8332261736427538,0.2215019358635169,-1.8897531711985351,-0.2798324806676356,-0.9245763173402718
100,-2.70031701362088,0.0313727902569078,3.7971906347216633,-2.156473864640149,-2.6416139136166508,-0.9603682365638772,0.9021858421370968,-1.1805210601846077
101,-2.2872073273965925,1.8733082553676652,3.129592552247884,-1.491330021643038,-1.308062943782093,-1.9030293028676395,0.5704592262498339,-0.4095161979918644
102,-1.1136402808198054,-0.0345490547340481,1.0793216606492548,-0.2203611935831235,-0.7285674990424164,0.0797314071880366,-1.442727095762111,-1.182021357783352
103,-1.483081597019522,1.468154984697977,0.8236017791282738,-0.7666532629819909,-1.109696577713675,-1.345492277024646,0.6485841463708071,-1.3205825480769466
104,-1.483081597019522,1.468154984697977,2.06210069511064,-1.402001270978116,-1.7511396862186892,-0.7254497530501548,0.6485841463708071,-1.3205825480769466
105,-1.9529309028456343,1.7943428165617898,1.978399025518325,-1.217205793671124,-1.5764815627361644,-2.3455151100751954,1.5707414194603946,0.0576467029709318
106,-1.84171064998944,0.0313727902569078,2.977653087659434,-1.6852851105308664,-2.6416139136166508,-0.5822705056332168,0.9021858421370968,-0.5761587426839553
107,-1.1136402808198054,-0.0345490547340481,3.30218091599097,-1.626922003688167,-1.582357536982748,-2.0308058419070525,2.1342822325737014,-1.182021357783352
108,-0.4901711745088707,-1.000320503764722,-0.0439374775163748,0.3259090958434011,-0.0712574704672731,1.8887072561207496,0.212749906301416,-0.1578264403136095
109,-1.8393628161482791,1.2927609495796684,3.872650743137473,-2.571306030381281,-2.707429162863425,-3.1977041409077867,2.0735160610965377,1.1288067712316632
110,-1.6563993468566998,1.1691783423106612,3.0494199907015647,-1.5630702409767918,-1.3449388351992215,-0.9250888090562328,-0.129914719723595,-0.8762302154233782
111,-2.2872073273965925,1.2361285766711807,1.8460959484551769,-1.491330021643038,-1.963186287913358,-1.3216557887532894,1.996607291874419,-1.2746912641718595
112,-0.0425436422014592,-0.4333915712250532,2.781025088905918,-0.1878449527493112,-1.7551313358978748,1.3701640155599533,-0.4185599389062369,-0.3947922042034077
113,-1.483081597019522,1.468154984697977,2.06210069511064,-0.1313052549858657,-0.4682534692086604,-1.345492277024646,2.78677363990094,-1.3205825480769466
114,-0.648511101101526,0.4204392388106594,1.153346617506546,0.3028903529276168,-0.245555107542388,0.4251993589352076,0.1636937851403179,-0.2695558296876199
115,-1.615760628620285,-0.7062748889200801,2.6215362665619977,-1.6636841540175913,-1.37971687760769,-1.8897531711985351,2.42822378385787,-0.9245763173402718
116,-0.7228711873480733,0.2998807458643187,3.1826959759870364,-0.7234645095968937,-2.278909211763866,-2.078764929017744,0.7001257205287887,-0.6912370389159196
117,-1.3713315652199638,1.2927609495796684,3.394938891599134,-0.6270292588264372,-2.107998351897353,-2.7246709839687653,1.4838906408795127,-0.9572837710855784
118,-0.946422511567018,-0.7530439950683662,2.172635362353196,-1.3328816473681884,-1.99844669842473,1.302520221849492,-0.6479280465942199,0.7959817672995095
119,-1.8644828787393493,0.5039208552799727,2.592311173466106,-1.0134433528281102,-1.6547568141844564,-1.3233799141526343,0.212749906301416,-1.1442416922736698
120,-0.8761415529968478,-1.152128320255374,0.9996453982605532,0.0234985343246307,-0.2587774532202852,1.2894612006309998,-0.0367652940967149,-1.1826218273055429
121,0.0,0.0,2.0,0.0,0.0,0.0,2.0,0.0
122,-1.615760628620285,0.9820316184585972,1.8878973859942745,-1.6636841540175913,-1.37971687760769,-1.1486734962187173,1.5255383623493683,-0.9245763173402718
123,-1.398325722910346,-1.0222903473799625,3.094100233484552,-2.23473131554028,-2.021194405486173,-1.7599687405574558,0.919362217840058,-1.3741165879775343
124,-1.6169546406423116,0.0053580741084747,2.931853981688091,-1.3286933078991086,-2.268589800879893,-0.3993821059552646,0.585249496654756,-0.0451021593342733
125,-1.6563993468566998,2.00232205417099,3.0494199907015647,-1.5630702409767918,-1.3449388351992215,-1.6854357754038216,-1.15555724385724,0.2666787612158107
126,-0.8761415529968478,0.2557677941096451,1.6796762814309971,0.0234985343246307,-0.2587774532202852,0.0314502731861218,-0.0367652940967149,-0.2889529401728907
127,-1.675546492177276,-0.3185961354869818,0.1849512641084967,-1.5466428981842064,-1.3766621213163917,-0.0161888047796058,0.9061996327937816,0.3090977212369663
128,-0.0425436422014592,0.0784882373084741,1.7965914291162126,-0.1878449527493112,-0.7287387418055503,-2.084030981650013,0.1682063305884876,-1.8304002194885276
129,-2.47180952049321,-0.2920677675840314,2.362311824551909,-1.5946525563180751,-2.0463475421554507,-2.038420826949952,2.050539367550272,-0.6311420196458603
130,-2.1414015753547564,-0.1928391729468317,3.433332562991564,-1.358940433321926,-2.380349700510414,-0.6665230791304505,-0.4609993271447694,0.1501129448801474
131,-1.8644828787393493,2.7602828938470148,1.9332490107204856,-1.6831195771638656,-1.6547568141844564,-1.965797348207311,1.0637495315070804,1.8150040636065108
132,-0.7228876899555614,0.3080714808763069,0.7418235302708738,-0.4755981308317066,-0.804882905862963,0.5929313593021376,-0.4526623018905482,-0.6311420196458603
133,-2.47180952049321,-1.492346264504708,5.063125648353634,-2.154179769061259,-2.0463475421554507,-2.56469126420037,1.4247389501900671,0.157785504911465
134,-1.0812983674335386,1.8733082553676652,2.48784425035153,-0.860301803740483,-1.963186287913358,-1.3216557887532894,0.5704592262498339,-1.2746912641718595
135,-1.615760628620285,2.6703381258372745,0.4206196248588279,0.8276897871069214,-1.37971687760769,-0.4075938212388996,1.5255383623493683,-0.9245763173402718
136,-1.4124074681737195,-0.90981091745033,2.977653087659434,-0.7429076023123019,-2.6416139136166508,-0.5822705056332168,-0.1675997414246781,-0.5761587426839553
137,-1.8644828787393493,0.5039208552799727,3.251373336211726,-1.6831195771638656,-1.6547568141844564,-1.965797348207311,1.9147491567127448,-1.1442416922736698
138,-0.8761415529968478,-1.152128320255374,1.6796762814309971,-0.6814574954142941,-0.2587774532202852,0.6604557369085609,-0.0367652940967149,-1.1826218273055429
139,-1.615760628620285,0.9820316184585972,2.6215362665619977,-1.6636841540175913,-1.37971687760769,-1.8897531711985351,0.6228529408408663,0.0695917658213107
140,-1.6563993468566998,1.1691783423106612,2.263487003407347,-1.5630702409767918,-1.3449388351992215,-0.9250888090562328,0.89572780441005,-0.8762302154233782
141,-0.3721590524356103,1.468154984697977,0.2043523211370905,-0.7666532629819909,-0.4682534692086604,-1.9655348009991371,0.6485841463708071,-0.3817797887805391
142,-1.3058616334681108,-0.8922070160443698,3.982800118832945,-0.4755981308317066,-1.4256152240092068,-0.4596095151986981,-1.7042631366109584,-0.6311420196458603
143,-0.648511101101526,-0.284207530145753,1.8174617523471677,-0.4737515776560158,-1.7964294709679958,-0.8253869908742264,1.025240022720939,-1.243854009281427
144,-0.927620324727566,-0.5248155827653402,1.442851237119457,-0.1313052549858657,-0.4682534692086604,-0.1054072290756634,-0.0641456848059038,-1.3205825480769466
145,-1.17732702662411,1.25604153480232,2.592311173466106,-1.0134433528281102,-0.8630071423258648,-1.3233799141526343,1.0637495315070804,-1.1442416922736698
146,-1.615760628620285,0.9820316184585972,1.8878973859942745,-1.6636841540175913,-1.37971687760769,-1.1486734962187173,1.5255383623493683,-0.9245763173402718
147,-2.127772342992345,1.663663908474664,0.9996453982605532,-0.6814574954142941,-0.9710089758449236,-1.855566117981195,1.5388901671910613,-0.2889529401728907
148,0.1833022198563454,-0.5248155827653402,2.681350153101824,-0.1313052549858657,-1.109696577713675,1.134677818873319,-0.0641456848059038,1.495825729812276
149,-1.5019569479945962,2.367611965657173,3.71976893094233,-2.091369554892144,-1.683240498469562,-1.855566117981195,0.7510624365471732,-0.2889529401728907
150,-0.8890317102003668,-0.7062748889200801,1.1542585054265513,-0.0027681932679161,-0.5791074708720866,0.3334858537409181,-1.1825179021761376,-0.9245763173402718
151,-2.3073940670765944,1.2927609495796684,1.0063796339074356,-2.08523683749257,-2.707429162863425,-2.7246709839687653,2.6631414813135628,-1.652647285191326
152,-1.8462983603065195,0.7057878324241244,1.82027474576316,-1.626922003688167,-1.582357536982748,-0.623781009176993,1.2400299004897484,-1.182021357783352
153,-0.8170077859495884,1.1691783423106612,1.4775540161131293,-0.7181674080163638,-0.4382384968626677,-0.9250888090562328,2.94701285267734,0.2666787612158107
154,-1.3058616334681108,-1.492346264504708,2.362311824551909,-1.0351253435748908,-1.4256152240092068,0.5929313593021376,0.1731381154696568,-0.6311420196458603
155,-1.3147896296304913,1.125086007767072,3.1456920220284097,-2.027035438823281,-1.7964294709679958,-0.8253869908742264,2.7483324978821813,-0.2695558296876199
156,-0.4901711745088707,-1.000320503764722,-0.0439374775163748,0.3259090958434011,-0.0712574704672731,1.8887072561207496,0.212749906301416,-0.1578264403136095
157,-2.127772342992345,0.2557677941096451,4.399799814112774,-1.3864135251532188,-1.683240498469562,-2.484571581703634,2.326717897834949,-0.2889529401728907
158,-0.3285778124309423,0.7588818874933779,3.1826959759870364,0.0971001515716056,-2.278909211763866,0.3780813429664578,0.2105273145646007,-1.2940600379705007
159,-1.5019569479945962,0.2557677941096451,3.71976893094233,-0.6814574954142941,-0.9710089758449236,-2.484571581703634,0.7510624365471732,-1.1826218273055429
160,-1.191453947049523,-0.0511296625507605,3.047694090266381,-2.089229738558702,-1.8427045208930728,-0.8594266391861408,2.4815522059014903,0.2594476267810655
161,-1.675546492177276,-0.3185961354869818,2.913740406692874,-1.5466428981842064,-1.3766621213163917,-1.6350692827401936,0.9061996327937816,-0.927293163710899
162,-0.4901711745088707,-1.000320503764722,-0.0439374775163748,0.3259090958434011,-0.0712574704672731,1.8887072561207496,0.212749906301416,-0.1578264403136095
163,-2.332751565405948,0.4034949821499201,2.580619174071695,-1.9062814963288055,-2.047796545415476,-1.4922514922522383,0.479608904541735,-0.0811393914741465
164,-2.127772342992345,1.663663908474664,2.3597071646014416,-1.3864135251532188,-1.683240498469562,-0.5975551905363172,-0.0367652940967149,-1.1826218273055429
165,-1.8644828787393493,0.5039208552799727,1.2741868479748657,-1.0134433528281102,-0.0712574704672731,-1.3233799141526343,0.212749906301416,-1.1442416922736698
166,-2.3032305694907573,-0.0511296625507605,3.582064766525828,-1.5051021322515166,-1.8427045208930728,-0.8594266391861408,0.430682614247366,-0.5598606683170361
167,-1.8644828787393493,2.008162214324668,3.910435498957346,-1.6831195771638656,-1.6547568141844564,-1.965797348207311,1.0637495315070804,-0.1578264403136095
168,-0.927620324727566,-0.5248155827653402,1.442851237119457,-0.1313052549858657,-0.4682534692086604,-0.1054072290756634,-0.0641456848059038,-1.3205825480769466
169,-1.0812983674335386,0.5989488979746957,4.413089156040591,-0.2292735858379282,-1.308062943782093,-0.7402822746389393,-0.8556888393747512,0.4556588681881308
170,-0.927620324727566,0.1395079397224321,3.300599611093007,-0.7666532629819909,-1.109696577713675,-1.9655348009991371,0.6485841463708071,-1.3205825480769466
171,-0.8170077859495884,0.3360346304503325,1.4775540161131293,-0.7181674080163638,-1.3449388351992215,-0.9250888090562328,2.94701285267734,-0.8762302154233782
172,-1.4814487250850226,-0.5759493637965016,1.4080786755241776,-1.287805764318305,-3.136750547176944,-0.6037326197063437,1.1970295704899891,0.1721699652032167
173,-0.3809822013330913,1.4461247195822968,1.82027474576316,-1.626922003688167,-0.7285674990424164,-1.3272934255420228,1.2400299004897484,-1.182021357783352
174,-0.3809822013330913,-0.7748859418922207,0.3383685755353499,-0.2203611935831235,0.1252225388979153,1.486756239918096,0.3457775684057952,-0.1203255274390238
175,2.0,0.0,0.0,2.0,2.0,2.0,0.0,0.0
176,-1.8462983603065195,0.7057878324241244,1.82027474576316,-1.626922003688167,-1.582357536982748,-0.623781009176993,0.3457775684057952,-0.1203255274390238
177,-1.17732702662411,-0.2481998242423746,2.592311173466106,-1.0134433528281102,-1.6547568141844564,-1.3233799141526343,1.0637495315070804,-1.1442416922736698
178,-0.7698887642742072,0.8608394895542758,1.5847818059781742,-1.934579368875972,-1.8144148757331304,-0.7063356764790685,1.689886530057737,0.4605661864718384
179,-2.038542869311477,2.1324785071857493,2.681350153101824,-2.037349278974241,-1.7511396862186892,-1.9655348009991371,2.074043808724229,-1.3205825480769466
180,-0.648511101101526,-0.9888542991021654,0.4892314826659245,0.3028903529276168,-0.245555107542388,1.6757857087446415,0.1636937851403179,-0.2695558296876199
181,-1.1136402808198054,-0.0345490547340481,1.0793216606492548,-1.626922003688167,-1.582357536982748,-1.3272934255420228,2.1342822325737014,-1.182021357783352
182,-1.6248550534852129,1.993152537694672,4.822684657884626,-0.7569136714223326,-2.528555244931855,-1.5421929764791535,1.544682398358472,-0.940133367768663
183,-1.483081597019522,2.796802029673522,2.06210069511064,-2.037349278974241,-1.7511396862186892,-2.5855773249736287,1.361313977547518,-1.3205825480769466
184,-1.9611224929985411,-0.9830647290995882,2.341978459129487,-1.3132962682339144,-2.5393374575825263,-0.5735914384140803,1.206546371919904,-0.3928350370058711
185,-2.038542869311477,0.8038314622102045,3.300599611093007,-1.402001270978116,-1.7511396862186892,-1.9655348009991371,0.6485841463708071,-0.3817797887805391
186,-0.4901711745088707,-1.000320503764722,-0.0439374775163748,0.3259090958434011,-0.0712574704672731,1.8887072561207496,0.212749906301416,-0.1578264403136095
187,-1.1136402808198054,2.9267984938986418,4.043134001104875,-1.626922003688167,-0.7285674990424164,-1.3272934255420228,3.922786896741608,0.9413703029053044
188,-1.1136402808198054,-0.0345490547340481,2.5612278308770646,-0.9236415986356452,-1.582357536982748,-1.3272934255420228,2.1342822325737014,-1.182021357783352
189,-1.6842528474150655,1.2361285766711807,2.48784425035153,-0.860301803740483,-1.308062943782093,-0.7402822746389393,1.2835332590621265,-0.4095161979918644
190,-0.946422511567018,0.2399810533734354,2.6112562295846624,-0.4645548412651341,-1.99844669842473,-0.8421343695602092,0.9323842621721696,-0.4674813553981248
191,-1.0812983674335386,1.8733082553676652,2.48784425035153,-1.491330021643038,-1.308062943782093,-1.9030293028676395,1.2835332590621265,0.4556588681881308
192,0.0177674274274391,-0.284207530145753,1.153346617506546,-0.4737515776560158,-1.020992289255192,1.0504925338399247,0.1636937851403179,-1.243854009281427
193,-1.8393628161482791,0.7518567865756229,4.828074446214153,-1.113098451715148,-2.107998351897353,-1.3055715131516998,0.8942652206624878,-0.9572837710855784
194,-1.4124074681737195,0.5019646441105267,3.7971906347216633,-0.7429076023123019,-1.7076313867044584,-2.8508568912171794,2.5068642174797597,-1.7848833776852602
195,-1.9529309028456343,1.2283040731669037,1.4671848070381377,-1.7959090236256998,-0.3638034375544995,-0.779518374861786,1.5707414194603946,0.0576467029709318
196,0.0327621875649822,-0.8708557024365132,1.4840914854457752,-0.6270292588264372,-0.9091367299652092,0.5865611146043871,0.3046398004454628,2.519533799443157
197,-1.8462983603065195,2.9267984938986418,1.82027474576316,-1.626922003688167,-1.582357536982748,-2.0308058419070525,0.3457775684057952,-1.182021357783352
198,0.3516758781536227,-0.0345490547340481,1.82027474576316,0.4829192114693981,0.979012576838247,0.7832438235530663,-0.5484747636781578,-0.1203255274390238
199,-0.9649388777972528,-0.4698121570177558,3.512041680958887,-0.0597993337619729,-1.5764815627361644,-0.2575194631239828,0.871598354418676,-0.6341137326802511
200,-1.3664871485057124,2.3774989183350588,3.340170321337573,-1.3871397899020104,-2.287577257435881,-2.6094098894009194,1.4983696600320673,-0.224272284415338
