id,it_anger,it_joy,it_trust,it_sadness,it_disgust,it_fear,it_anticipation,it_surprise
0,-1.7437140644321436,-0.4710506440978617,1.91130049732187,-0.6404924936798068,-1.3558081101163968,-1.0584124835591386,0.8328002470113298,-0.9445921081165513
1,-1.796056638506626,1.0353177403656666,0.7648602228267934,-0.002671667960604,-0.523204564926355,-1.9347107990599004,0.866137257243579,-0.9702500211815316
2,-1.796056638506626,-1.3786355402796702,2.4097209170779617,-0.8041720561418075,-0.523204564926355,-1.9347107990599004,0.866137257243579,-0.9702500211815316
3,-1.564661813689382,-0.2199553284885586,0.6617945191666826,-0.4044926293021531,-0.864903850880741,-1.0318352895898326,0.4655585087025571,-0.470541141823131
4,-1.7437140644321436,-0.4710506440978617,2.7880438447172238,-1.5687424845201066,-1.3558081101163968,-1.8810128593823032,-0.1547099273104052,-0.9445921081165513
5,-1.796056638506626,-0.5739844467312246,2.4097209170779617,-0.8041720561418075,-0.523204564926355,-1.9347107990599004,-0.1181096259877609,-0.9702500211815316
6,-2.027233933061214,-0.1837656494599399,2.847458911595188,-0.5429578805140128,-1.6602350025576398,-0.3449034671982071,1.8652753427451667,-0.2381339902704605
7,-1.2881125610417676,0.5319535511358136,2.251569023837434,0.372735355924557,-0.7816511499936504,0.9671661805795806,1.2763710625441491,-1.6074318143368118
8,-1.1987070687634764,-1.921847691323077,1.0527089220499493,-0.8709028165899892,-1.894735281887657,-0.2590840515764262,0.9370462281045396,1.2093100485678174
9,-3.0513346303270565,-2.054558270977662,5.020724721747878,-2.9244266930983187,-2.822608744026551,-3.505621788644171,1.7899881267823408,-0.3896684327905305
10,-2.0260225961797027,-0.3845779278544443,5.107367282903508,-1.5250076442674616,-2.29789343019338,-2.2160008492115604,0.9942799252498736,-0.1604860540871501
11,-2.448246032176301,1.3350371002035124,-0.4542728608673717,-0.9223836830963796,-0.5745364797633935,-0.9069487739936438,1.8660240357106432,-0.5698028822981899
12,-1.4587833095728775,-0.9410563161854444,3.200657128033288,-2.1526069054862957,-1.6866303415961958,-1.0757857473411905,0.6892611901371833,-0.173039980738115
13,-2.16301124194852,-1.7438204134124031,4.887495799939444,-0.9712859659167408,-1.724970808141825,-0.0578538148060503,-0.2981135420350708,-0.7807507850864438
14,1.2728515475936115,-1.5652305581803765,2.5292474743105324,0.8510084296366568,-0.3669383852505833,-0.0242662788676666,0.0194097130263141,-0.4932394902178162
15,1.0057786878390964,-0.0492410177815042,2.4823173439442576,-1.0943853357216426,-0.9553803838536506,-0.7699534886546315,0.7673657369312418,-0.2691345976478279
16,3.65707555145263,-1.4899927936849813,0.7566465054277832,2.198920328552304,1.3977052464549264,2.0122454889257786,1.2285512071963838,-0.0592903420626543
17,-0.2582621970644657,0.7201607581666047,0.933316741183197,1.179506324032245,-1.5554989841085731,-0.7436131438531874,0.7375832673985135,-0.029090859814718
18,-1.1133170597405218,0.2652402490597326,2.965023704201541,-0.9298077322919628,-2.391204764199695,-1.459982712656153,2.029001261808159,-0.470541141823131
19,-0.2190277534856095,-0.5902894776935886,2.973658128651305,-0.7537352271222908,-0.5283772674912842,-0.7052788415982691,2.1323425693889915,-0.3802062748321925
20,0.2644184756726861,-0.4595828326273725,2.4823173439442576,-0.2610970090300367,-2.219854421307012,0.0197423971449908,0.3246547348555254,-0.8221508941844604
21,0.0,2.0,2.0,0.0,0.0,0.0,0.0,0.0
22,0.4908910252184578,-0.3648740932278599,0.3542089694811188,-1.0173961488592114,-1.4045732757519354,-0.9922252744531465,0.9445567048081864,0.1971773451402777
23,-0.8362595970898502,-0.2355554556901417,5.96292979965565,-1.482307900050884,-1.9434228327201968,0.5207726126373694,2.167571238174512,-1.1055904961094956
24,-0.7904045017089386,-0.5902894776935886,-0.3402253728174598,-0.1113472494612475,-0.5283772674912842,0.5393308788692642,1.379751074310524,-1.2251091077926204
25,0.0,0.0,2.0,2.0,0.0,0.0,0.0,0.0
26,-0.7239992626214888,-0.970357507211502,0.7899637140934036,0.3738764306494568,-1.725629662122637,0.6983514719818396,2.1447777307874314,-0.2922270777705484
27,-1.779134036287077,-0.0149923184047222,0.4245368365435992,0.6253559684992218,-0.6732123333629219,1.528656303206355,2.140502744338182,-1.12982337452937
28,-0.3935899492072067,-0.5009659656327562,0.4693244139397292,-0.6038638299039762,-1.3050782593643984,-1.3429441233525383,1.843647090341549,1.1521077810911913
29,0.2870741900457699,1.0188818823046977,4.227502034913028,-1.114185077190565,-0.6904998030295254,-0.224963825506835,2.637081253663576,-0.0592903420626543
30,0.6920619560549188,1.235631404156315,0.2011486821597109,-1.980437938271582,-0.864903850880741,1.1089018257417702,1.5078536774396252,-0.470541141823131
31,0.0164552875279769,-0.55889954621844,2.337153609075276,-0.8606445832489616,-1.5047419697477653,1.7883179335658006,0.1873879950518318,-0.8867003620645858
32,-1.849798277110342,-0.0885979561234174,1.6550836007009015,-2.1643757698633084,-1.4203500175489094,-0.4792590076364141,0.0194097130263141,-0.4932394902178162
33,-0.192722578024575,-1.377403912562003,1.1068997394375917,-0.3101473572811921,-0.2639805689283643,0.1049547070576774,0.1799548920062597,-1.9839235000904816
34,-0.2924905047395467,-0.2086015006879317,2.791341162282504,-0.8825960238069805,-1.9487685064514757,-1.1802459871859532,1.3980929315487387,0.7796696745783158
35,-1.2650593561294925,0.3169984100417226,3.957742235252097,-0.5203022056296916,-0.6456221883690694,-0.8722560817726017,0.0448205708923664,-0.0622874659864301
36,-0.1945970023778894,0.3645573352521919,-0.1060622583194841,-0.5348804097125395,-0.5471797843870377,-0.1553276053739446,1.6360842933143718,1.794991022910238
37,0.0,0.0,0.0,0.0,0.0,0.0,0.0,0.0
38,0.6861354360915496,-1.637023586954815,2.0594362514300277,1.0979849488453732,-0.355019976711006,0.6573826383833141,1.7762026456730595,-0.1259992384224171
39,-1.5885845768805316,0.2686399939851285,4.74681023228714,-0.4169768270092783,-0.859388581782564,-0.5055229068107708,3.2409392279387235,0.3925674447502764
40,-0.8408512551244871,-2.050345240785611,1.806007871363008,-0.6038638299039762,-1.3050782593643984,-0.8809220625661145,1.2763710625441491,-0.2276620166228103
41,-1.5024943304391394,-0.55889954621844,4.832335398123613,-1.282529182880806,-1.0816655021523298,-1.8339314442493992,-0.2587738979287201,-1.913766418510052
42,1.1438127565235747,-1.1968841501200185,1.824128355923696,-0.7094333813215457,-0.4034436780310274,0.2467572046916515,1.3480741052585716,0.8365977961924416
43,-2.741983941311472,-0.5808088234757371,1.218001663896086,-0.6566836701133257,-2.4737616498472352,1.7957046362073232,2.136832952260588,-0.4932394902178162
44,-0.7395072481918051,-0.4307056607000418,2.617475183330564,-1.0129423005326696,-0.9282509451007128,-1.3187092883242966,1.3304549635724754,3.62452667135452
45,-3.788660886244642,0.45427694996404,2.7227007446442064,-1.561110790033432,-2.277510825326561,-0.9617864216741104,1.7762026456730595,-2.612826312549074
46,-0.4307292133610392,0.0427308808727158,-0.7744376494229889,0.24141047650566,-1.8367776916930365,-1.4012946546484868,4.064097876278644,-0.1604860540871501
47,-1.1227569259473604,-1.4100156064495668,1.9212899775672192,0.4050092156465707,-1.9278184373432008,0.5809014742940672,0.6335498880323838,-1.400233390287319
48,0.1088758281276654,-0.4307056607000418,-0.8841638579143373,-0.5381255971579808,-0.9282509451007128,-0.4715727005356692,2.8197702213028584,2.4315941410129334
49,-1.967350265873431,0.7201607581666047,4.853247054152624,-1.7400637849584604,-2.176870082953543,-1.261209299667471,2.10770698392826,1.5576833118971778
50,-0.3115369523653615,-2.5250952436920144,4.159841915998195,0.5072630032938287,-0.5458258501825242,-1.2364156981197527,0.375459676796515,-1.5965812281362743
51,-1.5841434252790638,1.0112047445624328,2.5423913589130853,-1.281706031962626,-1.4863871607911792,-1.7756736217798963,2.286392796575077,-1.0405691115583546
52,-1.3197725923906076,-2.084176103202069,2.53395647398031,-1.0173961488592114,-2.043015673820997,-0.4868473757503553,0.256772696452711,0.1971773451402777
53,-1.271476103348416,-1.9396500548847877,4.561712258178691,-1.387530287611339,-2.099518816198481,-1.8054080669876005,0.9638821002264696,-1.092235499218278
54,-0.2924905047395467,-1.2098887039900037,1.0067863435616704,-0.4375896252488391,-0.4548233141121841,0.1376465543368234,0.9052282083235664,0.1263151986746992
55,-1.1675593544903544,-1.3620075466722703,2.2310839521417214,-0.2803532772288299,-1.2400227497596024,0.3411458691168753,0.4665060089276607,0.2849014411490948
56,-0.0372983116286156,-0.0396538262811834,0.7856965543084654,-0.2016329522054647,-1.5732182078063517,-0.5917885626541179,2.3646102409026293,3.647507996179792
57,-2.267835846850751,0.3598700059280306,2.8254851976216258,-1.686947661632153,-2.482963976472869,-2.62739909762786,1.3088210258543218,-0.7908686164966598
58,-1.697989302022595,0.6650764937067595,1.296350710307124,-1.0579907505612292,-1.725629662122637,-1.2781149581554423,0.3305860412115967,-0.9665972572410452
59,-1.1166100635991916,-0.5065844289643544,3.3143176388581703,-1.9255410976215808,-2.224428722664379,-0.0651010166598632,1.2930714299551938,-1.4707424938752356
60,0.2499907767796174,-0.4252128402387481,1.296350710307124,-1.0579907505612292,-1.725629662122637,-0.2898817430868015,1.5400471675954863,0.3821431016999483
61,0.0,0.0,0.0,0.0,0.0,0.0,0.0,0.0
62,-0.7395072481918051,0.0514275415761242,4.368294703953014,0.4115078095913967,-0.9282509451007128,-0.8951409944299829,2.3233318020593976,-1.1472034500118256
63,-0.3632821169638021,-0.55889954621844,1.505426346059163,-0.0168753839852734,-1.9278184373432008,0.5809014742940672,0.1873879950518318,-0.3731673338418527
64,-1.949287893455588,-0.6258681923933594,2.2349374130165467,-0.9534318682290528,-1.503572978736115,-1.3495314382870982,1.7056185322249913,1.3136729850966669
65,-2.122798303326767,-1.7083528468105005,4.159841915998195,-0.6369392597749578,-1.7016923564513984,-1.975309541617613,0.8409055571227732,-1.5965812281362743
66,-0.8980285799812833,-0.5154997416553864,0.7856965543084654,-0.2016329522054647,-0.6158846127923445,-0.1650179645862444,1.3335301939974131,0.5121143031885669
67,-1.4587833095728775,-0.9410563161854444,3.200657128033288,-0.3101473572811921,-1.6866303415961958,-0.2886254444086118,2.217180084529954,-1.9839235000904816
0,-1.1830917460253143,-0.2254938084008485,1.4437909386931622,-0.8142775196684461,-1.3705542202558034,-0.671604873172588,2.211613553775544,-0.6892576637448649
1,-0.1906242790556639,-1.2906422816910168,1.678153670590684,-1.9970963161410928,-1.1181283528303416,-1.2339961716731958,-0.1341079953428065,0.4396699228159519
2,-2.8526342470497763,-0.5771858572103217,2.94014272531449,-0.7465382784463045,-1.659097308296022,-2.49447576813832,0.6548525538473784,-1.312019542120249
3,0.0,2.0,2.0,0.0,0.0,0.0,0.0,0.0
4,-1.9922566514755584,1.017381416262235,1.406443582951327,-1.2191712411223126,-1.830824856961439,-1.4014196517501123,0.0683881890119027,-0.3443407605690683
5,-0.2368718198008727,0.3794757845747416,1.1573376366952943,0.1215294871889334,-0.2315757237200947,1.0209334177289549,2.1738404364830504,-0.0858330541573995
6,-2.8526342470497763,-0.5771858572103217,3.385843997469289,-1.6146060440815424,-1.183256780104046,-2.49447576813832,1.161181848059269,-1.925112786101674
7,-2.078353402378619,2.097002535595389,3.9409146923796663,-1.305390907845351,-2.140107250271667,-2.4778155409290923,1.8036156263099807,0.5615570593234711
8,-1.0151790718693434,-0.1792677709183859,0.7301842238307881,-1.28449689154034,-2.0264121559595387,-0.68685168536719,1.7056731281979436,0.1507112334861843
9,0.0,0.0,0.0,0.0,0.0,0.0,0.0,0.0
10,-0.3038801216911733,0.1126902329625807,3.068434998842668,-0.3974130690625617,-1.5315493147621368,-0.8324403016660984,1.503058448814815,-0.9798355985185851
11,0.0,0.0,0.0,0.0,0.0,0.0,0.0,0.0
12,2.2720533642773213,-0.9886036753916616,0.5996500606354495,1.9442283253807515,0.8329419904568633,1.544577249797897,1.3002086237207664,-0.3760687843969912
13,-1.3695937473089432,-0.409151081739796,2.964679520209072,-0.5952438015156533,-1.6383351826341088,-1.2952409888064012,0.1050672699483355,-1.5520942432057363
14,-0.5474291040718496,-1.0072582180904717,2.922370798108446,-1.2191712411223126,-1.319421265631428,-0.9706554145318402,-1.0714149611864758,2.392142104880481
15,-2.4738658339434614,0.5112215076740583,0.9011345112322874,-0.7340898454503051,-1.319421265631428,-0.1091269400952955,1.7780929143094708,-1.0284614769314555
16,-1.1044977615182352,-1.5125951886024214,3.568808450023324,-1.6323200378865133,-1.562317072823618,-1.9046158139488485,0.4671833441849211,-1.0267629883261342
17,1.41079477767785,0.8533591854536775,2.2259910248815378,-1.9015498387247411,-1.515708361285186,-0.6420674161863867,0.3760111551630737,-0.3702782234754005
18,-1.1651036779362085,0.5681093743433066,5.076180240261814,-0.3727442050446199,-2.0089205514904,-2.029312160415902,1.178970472416286,-0.3588758985927305
19,-1.5214044968769451,-0.1122611338522701,2.994356491692376,0.351030950381827,-1.6230843380159312,-1.6986257681699646,1.6035696821700505,-0.3588758985927305
20,-0.9534642115701576,-1.0023117969626996,2.6186530019571976,0.9672112355694454,-0.0731231692658354,-1.194918671567488,-0.2089942558036459,-1.3495000940169075
21,-0.420388582930759,1.2029561444600405,-0.4859284444299349,-0.2501931247873949,0.0655459444734268,-0.7607522733603606,2.634816231061632,0.8341006365247443
22,-1.7509283202205703,-0.6735206946833302,3.068434998842668,-0.8232127859153063,-1.5315493147621368,-0.0604709338150023,1.951732612640133,-0.4045896502689265
23,-1.5106474690076557,0.0050615990858816,3.427679869827485,0.2360729458937102,-1.319421265631428,-1.4014196517501123,0.0683881890119027,-1.712582193293843
24,-1.4138228256756826,-0.4732395154131429,3.032319900873024,-1.104897613447184,-1.2141974266067337,-0.8423886620715414,2.5249097055839926,-0.3338094000348027
25,-1.7172539671670797,-1.0023117969626996,3.4264636966483644,0.1689626229949373,-1.444182593000248,-1.5783150367763077,1.3202320061742507,-1.3495000940169075
26,-1.270353668587747,0.8533591854536775,4.158274900646762,-0.617682730808562,-2.470986740246438,-1.7576285640005722,0.3760111551630737,-0.3702782234754005
27,-2.793448521987227,0.3955653557834278,1.1975981202687245,0.6321795257301219,-2.174967501575685,-0.2303945036492728,0.6264719213552258,-0.6791521283644383
28,0.59474183688742,-0.8318453820062847,1.7992279298488931,1.3451356439477666,-0.0842119015509479,0.1199134013111663,0.7571200616738945,-1.1086110644298963
29,-1.4508782443454564,-0.1792677709183859,3.885301240383576,-1.7482141809050835,-2.562973185781129,-1.526181647119357,-1.0543157523812532,-1.1790937678625015
30,0.0084697672154584,0.0095364141377706,1.1512317168651716,0.5945733549565398,-2.863551101487733,2.2741024523747937,1.7292861596651867,-0.7471503784223428
31,-2.058002830298954,0.2325451318424662,4.701942990666877,-1.6827439764726404,-2.9443663521182706,-1.7074923532430928,1.76659314216228,-0.1429104131770926
32,-1.1830917460253143,-2.1046088784079204,0.7383556266280993,-1.2063854745649691,-0.5858857735444656,-0.671604873172588,1.3027312714020325,0.4077041353185804
33,0.2600995978267378,0.9082946284410948,1.6064739926460836,-0.0108566273313964,-1.2372481245414626,-1.03725298367809,0.329772052908757,-0.8482521239464539
34,-1.657449724154759,-0.3623337326264996,3.1648695830319493,-0.6048843993595088,-0.582995010005109,-0.0382537964792133,1.948671184530646,-0.651534179962999
35,-2.2371405459156506,1.6878647684846615,3.0985065665934,-1.0469317420887163,-1.660915376689469,-2.418719171204007,-0.2866469348837892,-1.6298043008017264
36,0.5053936797664207,0.0284278154135103,2.0567746244527485,-0.1738041189692198,-0.1506668339584997,-0.8423886620715414,0.7782388869632445,0.376423365996692
37,0.4566325255800809,0.3812983941098823,1.61072983627514,-0.2282106992815279,-1.4289802003430383,-1.850301418092932,1.0775582991424344,0.6591261645324121
38,-1.721117774405429,-0.0135469521262327,1.2896544482054926,-0.2557563260511135,-1.2502858607421168,-0.7647300971824572,1.2532120093936727,-1.404362163278135
39,-2.2371405459156506,1.1870146888156223,2.612084813596005,-1.5576301528637,-2.1870765308677598,-2.418719171204007,1.610281310670699,-0.9352854226191724
40,-0.3906508001911871,-0.9452449064272184,2.0935299637798725,-0.8774032192312762,-0.9352578528123692,0.5259414476109453,1.211058162981392,-1.7185890287165482
41,-1.471627454800842,1.249303533733272,1.1975981202687245,-1.9364957481168747,-2.6823471675731234,-1.5025113949642774,0.6264719213552258,0.5445454002201353
42,-0.9340186993151568,-1.4765741770664491,3.032319900873024,-0.1738041189692198,-1.2141974266067337,0.1041154526155836,1.3604624931701603,-0.3338094000348027
43,-1.657449724154759,-0.8308687317124904,4.941222950496092,-1.5650183665968245,-1.5492850818367812,-1.7384225288886963,2.502270952863216,-0.651534179962999
44,-2.000197806328308,1.5691116387666473,3.616549412520192,-1.145323493166413,-0.8250041691624909,-1.657004749505684,3.3239600877879445,0.2009882174831485
45,-1.2346309169724226,-0.3623337326264996,1.8326045574338412,0.8353165514964648,-1.5492850818367812,-0.8883381626839548,0.841471647865506,-0.651534179962999
46,-1.0290382865397525,-1.0072582180904717,2.4170617263894063,-0.2490084497782974,-1.319421265631428,-0.9706554145318402,1.2081913392102814,0.339779955793319
47,-1.270353668587747,2.057157409447893,2.9989045751876278,-0.617682730808562,-0.5604299823239343,-1.0139211321244486,0.8460250991169161,-0.3702782234754005
48,-1.5639152694240206,-1.3529628504050917,2.854661562823288,-0.4221695647719229,-0.5858857735444656,0.0441374428195127,4.029378118522566,-0.6892576637448649
49,0.0578819279411759,-1.0666261585062855,3.068434998842668,0.879986081495672,-0.2112481813465018,-1.2184249855916462,-1.6376606979624106,-1.555081546768244
50,-0.5825022806019117,-0.1537663150791927,-0.4886258365611264,-1.0118499951597133,-0.6920110764079005,-1.4980456216957307,1.0044742952736376,-0.5896382078294861
51,-2.4738658339434614,0.5112215076740583,3.427679869827485,-1.2191712411223126,-0.8080176743014172,-1.832183888968385,2.34799448940866,-1.0284614769314555
52,-2.2371405459156506,1.1870146888156223,3.584928319590793,-2.068328563638684,-1.660915376689469,-0.7113879915305904,0.9779718954858696,0.4537523337459351
53,0.0,0.0,0.0,0.0,0.0,0.0,2.0,0.0
54,-1.426775984707193,2.275827690315429,2.5824446119485205,-1.9792805510414333,-2.220529971465771,-1.2621644097224327,1.4560929428260956,-0.8148437999418505
55,-2.474452419485269,0.8989011606084917,0.1037635023763218,0.879986081495672,-1.5315493147621368,-0.0604709338150023,1.951732612640133,-1.555081546768244
56,-1.5856933740790558,-0.1157933917628959,1.1799700404433306,0.4077157485542685,-1.5252785818471404,-1.277380812627704,0.6488863241601158,-0.7841515268245524
57,-0.2368718198008727,-0.09885503631779,4.722947813933686,-0.3125043956286855,-0.7074162519120704,-2.055049619904911,-1.3704646230001842,-1.312019542120249
58,-2.036396081806489,-1.554237262534754,4.544731675799807,-1.473594136086015,-1.993347550765812,-0.2702137002483249,1.7860529870246007,0.2143716030647056
59,-2.4166738425082923,-0.09885503631779,3.385843997469289,-0.7465382784463045,-1.659097308296022,0.5815072694955454,0.1485232596354877,-1.312019542120249
60,-1.0274042209558718,0.5057956967855362,1.586099250609495,0.4541863646429275,-0.6513485591517135,-1.6044096695171943,1.951732612640133,1.3211481944800496
61,0.0338255045745869,1.0432712646314728,1.8326045574338412,1.7954505187337804,-0.582995010005109,-1.3133803457863256,-0.2657278887996337,1.1638861357233758
62,-1.653374875197118,-0.3504390385405382,2.9989045751876278,0.238228674468891,-1.515708361285186,0.1016400156897369,0.8460250991169161,-0.9549280500155068
63,-1.1087926288838406,-0.09885503631779,2.0487401810048924,-1.1805721612639235,-1.183256780104046,0.142081121262136,2.680169730694941,-0.0858330541573995
64,-2.4669833206066007,1.4451122692344358,5.833320774097916,-2.4465278781822875,-3.5465094770447045,-3.3866055825306027,1.706958581845487,-0.4458477740341489
65,0.0,0.0,0.0,0.0,0.0,0.0,0.0,0.0
66,-1.653374875197118,0.8533591854536775,2.6124478000345825,-1.9015498387247411,-1.993347550765812,-2.501335995876696,1.3160390430707585,-1.539577876555613
67,-2.3222765892976827,0.7725964994447245,1.180915226195472,0.570372265918635,-2.0264121559595387,0.1524782763849769,0.0496797998504254,-1.8439962685368445
68,-0.9534642115701576,-1.4343427439293803,1.406936959920448,-0.2301616832923166,-1.444182593000248,-1.194918671567488,2.8494582681521474,-0.2217841380139208
69,-0.5971348411431833,0.9060209548115554,3.2196719590804967,-0.2282106992815279,-0.3909800548154076,-0.8634739951100348,-1.3948508002283522,0.6591261645324121
70,-2.058002830298954,-1.0920790368804434,3.358957052361517,-2.544952674921474,-2.450621295865905,-0.4965048686735235,1.24134245569183,-0.1429104131770926
71,-2.4810437227640016,-0.5702808499960188,3.022558349302781,-0.2301616832923166,-2.358222208823189,-0.8115223063586684,1.3202320061742507,-0.7856421160154142
72,-1.690359612264378,-1.2404020303389176,3.9409146923796663,-2.1046098310159738,-2.140107250271667,-1.0585417227358174,0.8888486138112585,-0.4979845620415686
73,-0.0244156750119491,-0.5430130313518062,2.495102207471664,1.1599107573119338,0.2917568228889896,-0.9249315113158012,-1.486843685244481,-1.2024962273001674
74,-1.1087926288838406,1.336137426359805,1.6030389088500934,-0.3125043956286855,-1.183256780104046,-0.7367711752046827,1.6675111422711597,-0.0858330541573995
75,-1.7509283202205703,1.6851120882544026,1.9566831876677884,-0.8232127859153063,-1.9716496925673488,-1.6044096695171943,3.297755104116087,-0.4045896502689265
76,0.1724204804685785,-2.2282485219243253,2.192936504769753,0.6714584098331905,-1.9419515218336232,1.1612050434962922,-0.8910370144622344,-0.428305786542779
77,-1.9922566514755584,1.017381416262235,4.438298013265565,-1.7042526367943205,-2.3422284482914497,-2.2629481261866573,2.34799448940866,3.076262821242868
78,-0.802268222626608,-0.2254938084008485,3.9128145309208815,-1.2063854745649691,-1.7628884436114722,-1.7452183471607392,0.848290130215277,-1.2377385632765874
79,-2.352841499591765,0.3955653557834278,4.60309040539306,-1.508383202475709,-2.174967501575685,-1.9265503587359456,-0.3498479560814898,-1.291000892656725
80,-2.503087338519432,0.574736265545482,2.720781241165913,-1.5650183665968245,-1.5492850818367812,-0.8883381626839548,3.055870721195786,1.1638861357233758
81,0.0,0.0,2.0,0.0,0.0,0.0,0.0,0.0
82,-1.426775984707193,0.1594349218881857,4.2860914147732725,-1.104138081900048,-1.3756866088281918,-0.1582305236678267,0.505433785377067,-1.3679052026173146
83,-0.5794798993932304,-1.6070641764630516,2.533108233289524,0.1066549765538912,-1.4898511261379488,0.1524782763849769,0.0496797998504254,-1.8439962685368445
84,-2.85323520475726,2.0350971387201238,3.032319900873024,-1.104897613447184,-2.277728019254968,-2.2621448341022288,0.7782388869632445,1.086656132028187
85,-1.0310204324053802,0.8224344447583498,2.4746577271903503,0.6321795257301219,-0.6528285035833707,-1.5025113949642774,-0.3498479560814898,1.156394164512422
86,-2.3734310783967345,1.0317624770668168,4.0078651772933,-2.50153785516413,-2.277728019254968,-3.208648948789354,-0.3862083254505878,-1.0440421660662975
87,-1.3353590893686185,0.7258119909040236,1.406936959920448,-1.0284102958668246,-1.444182593000248,-1.9617114019851276,1.829974093500216,0.3420738399875725
88,-1.1044081926817937,0.8860742313464124,2.3465400469253765,-1.8079462489887463,-2.119503082642243,-1.885356246311769,1.7981569984271664,-0.092049178788041
89,-1.2497661829114142,-0.2535328535268048,5.756291903114488,-1.1952180435433923,-2.304716169347845,-1.844580559307724,-0.2336429375990069,-0.8641622502802909
90,-2.793448521987227,0.3955653557834278,3.326030798471434,-1.9364957481168747,-1.6675878355782472,-1.9265503587359456,0.6264719213552258,-0.6791521283644383
91,-2.6710573667192805,1.85254913662998,4.2860914147732725,-1.5417093164707407,-1.7981082901469814,-1.998120333758837,1.4560929428260956,-0.8148437999418505
92,-1.7621637845747482,0.6861646091465834,4.071350072588188,-1.5576301528637,-1.660915376689469,-1.1382207864489444,0.9779718954858696,-0.9352854226191724
93,-1.426775984707193,1.4292705829445316,3.4342680133608967,-1.5417093164707407,-1.7981082901469814,0.2097474383503752,0.0301042066525526,-0.2617823972663863
94,-1.997907245709334,0.2660595250058894,2.868032401569061,-1.5023278090512389,-1.9419515218336232,-1.2086011677206308,2.5606128263527337,-0.428305786542779
95,-2.11269036985292,0.5057956967855362,2.327267124726081,-1.6748122196207955,-2.4117500703725603,-2.3763790373682903,2.849080940290769,-2.1303274950179025
96,-1.3891662705882213,0.1126902329625807,4.550770747075841,-1.249012502768051,-1.9716496925673488,-1.2184249855916462,-0.2916382064864568,0.1706562979807321
97,-2.6121326878105218,0.461438018241103,4.522620461384768,-0.2504907581154542,-2.119503082642243,-0.824843357761399,0.4551351738757557,-0.092049178788041
98,-1.9447387928227269,-1.3529628504050917,2.149226250758225,-0.4221695647719229,-1.3705542202558034,-0.671604873172588,1.7571724125887882,0.4077041353185804
99,-1.2871870232338456,0.1853145294775444,2.125663060598612,-1.5576301528637,-1.660915376689469,-1.5650535813672986,-0.2866469348837892,0.4537523337459351
100,-0.7274770688996113,-0.3878344079695158,2.7092201160019416,-1.0292185035521002,-0.8792216948802024,-0.4713390615779424,1.3504830569100297,-0.5765185408303611
101,0.0338255045745869,1.0432712646314728,4.053046266764021,0.8353165514964648,-1.0661400459209451,-0.8883381626839548,1.948671184530646,-0.0463940747342073
102,-0.887332461978376,0.4520931107889389,0.6801639242693588,-1.473594136086015,-1.993347550765812,0.1016400156897369,2.256066930978443,0.7990214296048118
103,-1.7621637845747482,1.1870146888156223,2.612084813596005,-0.025534920538749,-1.1347542225111789,-1.1382207864489444,1.610281310670699,1.8427900901110428
104,-1.8936269520362088,0.0284278154135103,2.0567746244527485,0.2917426282697622,-1.2141974266067337,-0.8423886620715414,1.3604624931701603,-1.0440421660662975
105,-2.313642404623192,1.903863406879435,2.7315578645406715,-1.2181364044222434,-2.010597424849527,-1.6349097672148616,0.6086184998257506,1.1184941515410884
106,-2.41941728841586,-0.3504390385405382,4.158274900646762,-2.757461244002194,-1.993347550765812,-1.7576285640005722,1.3160390430707585,0.2143716030647056
107,0.0,0.0,0.0,0.0,0.0,0.0,0.0,0.0
108,-1.6076666965620043,0.6856399307427781,3.0839579029358672,-1.335626946597478,-2.713748865693406,-2.165104414657653,1.8214302446862496,0.3013823373645936
109,-0.420388582930759,-0.2913993144965316,2.415136895450274,-0.9451740269746032,-1.507556722888818,-1.3929563786459789,-0.5947848693203478,-0.1320390969016005
110,-1.270353668587747,-1.554237262534754,1.839534249728493,0.238228674468891,-1.0380691718045605,0.4734937316277988,-0.0940027887907685,0.7990214296048118
111,-1.471627454800842,1.249303533733272,-0.079461486652901,-1.0802706568345426,-2.174967501575685,-0.2303945036492728,2.090951737510299,-0.6791521283644383
112,-1.471627454800842,-0.8850419111413383,3.326030798471434,-1.0802706568345426,-0.6528285035833707,-0.6544334674209411,0.1383119826368679,-0.6791521283644383
113,0.0,0.0,0.0,0.0,0.0,0.0,0.0,0.0
114,-1.912234477196304,2.103041711683116,3.751717334111976,-1.508383202475709,-1.1602081695808089,-2.3505893225076138,0.6264719213552258,-0.6791521283644383
115,-1.3695937473089432,0.662860486137399,2.434325402103692,-0.5952438015156533,-2.2963011194349554,0.1582713427718547,0.7483362696320218,-1.5520942432057363
116,-2.058002830298954,0.6740865214167694,1.120647155185917,-0.3894309287993898,-1.463131183361175,-1.3038298583865695,1.24134245569183,-0.1429104131770926
117,-1.9807134379668083,0.3794757845747416,3.385843997469289,-1.6146060440815424,-2.1349378364879974,-1.6156234716715014,0.1485232596354877,-0.6989262981388243
118,-0.818818781903202,-0.9451568656783936,2.964679520209072,-0.0653531770210063,-1.6383351826341088,-0.8107368782803159,1.391605269315708,-1.5520942432057363
119,-1.086018964661728,-1.3682421647495089,3.0220260950486915,-1.4182850808289027,-1.2502858607421168,-1.351479532360813,1.2532120093936727,-0.5480437710353697
120,-1.9807134379668083,2.2927990681448684,1.6030389088500934,-0.3125043956286855,-1.659097308296022,-1.6156234716715014,4.705486907542504,-0.0858330541573995
121,-1.8582704402461576,0.461438018241103,2.7092201160019416,-0.2504907581154542,-2.532930211896257,-0.4713390615779424,0.9028091153928924,-0.5765185408303611
122,-0.121290048759634,0.8533591854536775,0.6801639242693588,-1.473594136086015,-1.515708361285186,-1.3857748480625105,0.8460250991169161,-0.9549280500155068
123,-1.8865774168215692,1.2485286346262796,3.434570238018892,-0.8207796021755962,-2.0264121559595387,-1.1065166662432735,1.153675352082104,-1.8439962685368445
124,-0.887332461978376,-1.1529711878700155,2.6124478000345825,-1.473594136086015,-1.993347550765812,0.1016400156897369,2.256066930978443,0.2143716030647056
125,-1.0274042209558718,1.6851120882544026,1.586099250609495,-1.6748122196207955,-1.5315493147621368,-2.3763790373682903,1.054384284989497,0.7459022462303909
126,-1.912234477196304,-0.0313037331914942,2.4746577271903503,-0.6521581111933764,-1.1602081695808089,-0.2303945036492728,1.6027917987919411,-0.0673033640721514
127,-3.500578288060672,1.4292705829445316,2.5824446119485205,-2.4168517856121263,-2.220529971465771,-1.998120333758837,2.406752100275124,-1.3679052026173146
128,-1.73745367467807,0.3655436898512189,3.3175614166292204,-1.6930805212638669,-2.588142238507741,-2.7649639232643644,2.006522995387037,-0.2005364925115302
129,-0.5904134100099185,0.8224344447583498,2.0489711915498083,-0.6521581111933764,-1.6675878355782472,-1.5025113949642774,-0.3498479560814898,-0.6791521283644383
130,-2.113759887078061,0.9817710031818362,3.9845250106370234,-1.8717520785136768,-3.1464628670399533,-1.773456093075667,-0.0089373363098099,-0.6466897875841062
131,-1.1683430008714712,0.3068754881491705,2.823073949605053,-0.8808544302962941,-1.7399963423544809,-2.983644896016009,0.8726053664738472,-0.2405526574199309
132,-1.8064803503827755,1.7976140649697343,3.3371147235711933,-1.6444058059676685,-2.863551101487733,-1.4989182076738832,0.4842001247062524,-0.7471503784223428
133,-1.657449724154759,-0.8308687317124904,4.4971346086300565,-2.52515233383414,-2.515575153668453,-2.1634647119910677,-0.2657278887996337,-0.651534179962999
134,-1.653374875197118,0.0508270361242003,3.385361350340672,-1.473594136086015,-2.470986740246438,-1.0139211321244486,-0.0940027887907685,-2.1242277030957197
135,-2.036396081806489,2.057157409447893,3.385361350340672,-1.473594136086015,-2.470986740246438,-2.501335995876696,2.256066930978443,1.383671256144918
136,-1.8777053158176815,-1.4730021502434236,2.3004152421692297,1.4366936835214976,-1.6230843380159312,-0.0451938069402781,1.178970472416286,-0.8482521239464539
137,-1.3023658221501369,1.679826964853601,3.2029156863160586,-1.305390907845351,-1.2508660105465976,0.0059136409091389,1.3462321200606195,0.0317862486409512
138,-2.8543409826071016,1.679826964853601,3.2029156863160586,-2.5042192926012854,-2.5847278701342016,-2.832633995477411,2.2609991325593417,0.5615570593234711
139,-1.9922566514755584,1.017381416262235,3.427679869827485,-2.189334032466328,-1.830824856961439,-1.832183888968385,1.2081913392102814,-1.712582193293843
140,-2.2779933247324022,1.038456361656729,3.715916489603053,-1.0143053074802018,-2.346032217225465,-2.165104414657653,1.437971245804934,-1.1889698803724085
141,-0.887332461978376,-0.7517051132052769,2.6124478000345825,0.6661843771076176,-1.515708361285186,-1.3857748480625105,-0.0940027887907685,-0.3702782234754005
142,-1.7621637845747482,-1.3172357095295724,3.0985065665934,-1.5576301528637,-2.1870765308677598,-0.2845551966122362,0.9779718954858696,-0.9352854226191724
143,-1.657449724154759,3.3859462600614267,2.2766928992998774,-1.5650183665968245,-1.5492850818367812,-2.1634647119910677,0.841471647865506,-0.651534179962999
144,-0.6656421713235227,1.6851120882544026,1.2155153135512018,0.4541863646429275,-1.9716496925673488,-1.2184249855916462,1.951732612640133,2.471640090979367
145,-0.8118121097900861,0.574736265545482,0.9444278737017696,0.3552495678778068,-1.5492850818367812,0.3867883866231574,-0.2657278887996337,0.5587460304945843
146,-0.6901671478544981,-0.2579260237818185,2.823073949605053,-0.3647287875445593,-1.7399963423544809,-0.1086123409684628,0.8726053664738472,-0.2405526574199309
147,0.0,2.0,0.0,0.0,0.0,0.0,0.0,0.0
148,-1.489356175728901,-0.5430130313518062,3.298246694855247,-0.4699404239226341,-0.9352578528123692,-0.1994950318524279,1.6607084710190372,-0.1703106244674057
149,-1.1683430008714712,0.8716770000801596,3.3183500811147115,-1.3969800730480286,-1.7399963423544809,-2.02530071100016,1.4380084117052816,1.174462974462016
150,-1.9447387928227269,1.277798247604809,2.854661562823288,-0.4221695647719229,-2.1552226669671413,-2.103089505156789,2.666054694962299,-0.6892576637448649
151,-2.3222765892976827,1.2485286346262796,2.9838392356542083,-1.7482141809050835,-1.4898511261379488,-2.365511608871524,2.8096686804296223,-1.1790937678625015
152,-0.7568859253704252,-0.9452449064272184,4.10139118223883,-1.6923288098485605,-1.753267636613275,-1.2876497510474878,0.3117575469061008,-1.7185890287165482
153,-0.6728322243423567,-0.5771858572103217,4.277246541778887,-0.7465382784463045,-2.1349378364879974,-2.055049619904911,-0.3578060345764029,-0.0858330541573995
154,-1.657449724154759,-0.3623337326264996,3.1648695830319493,-1.5650183665968245,-2.032430117752617,-1.3133803457863256,1.395071416198076,-0.0463940747342073
155,-2.4166738425082923,2.2927990681448684,3.385843997469289,-1.6146060440815424,-2.610778364679973,-2.49447576813832,0.1485232596354877,-1.312019542120249
156,-1.123586058381067,0.2249549499932056,1.0482649071629526,0.4721029941656948,-1.5119647795627438,-1.2099036623995207,0.9102850237266168,0.1580632298330013
157,0.0,0.0,0.0,0.0,0.0,0.0,0.0,0.0
158,-2.23520156402834,0.461438018241103,3.797260323231637,-1.8079462489887463,-2.119503082642243,-2.945869134862139,0.9028091153928924,0.8768895452965992
159,-2.793448521987227,1.249303533733272,1.1975981202687245,-1.0802706568345426,-2.174967501575685,-1.0784724311926093,1.6027917987919411,-1.291000892656725
160,-0.1896744559732354,-0.5702808499960188,4.234274391339531,-1.8266589084413327,-0.5301429771773062,-0.8115223063586684,2.3397161808261817,-1.3495000940169075
161,-0.5263782419216543,0.4283002526282359,3.2029156863160586,-1.305390907845351,-2.140107250271667,0.7155505500057764,0.4314651075618974,0.0317862486409512
162,-2.712117307256553,3.190415007491778,1.6392413076012178,-1.5576301528637,-2.1870765308677598,-1.1382207864489444,4.139518971410016,2.5373089682935968
163,0.0,0.0,2.0,0.0,0.0,0.0,0.0,0.0
164,-2.352841499591765,-0.0313037331914942,3.751717334111976,-1.508383202475709,-2.174967501575685,-1.5025113949642774,1.6027917987919411,-1.902849656949012
165,0.0,0.0,0.0,0.0,0.0,0.0,0.0,0.0
166,-0.0823835941039503,-1.1945686590439089,4.608895605147916,-0.799456171026529,-1.232556013609325,-0.8267713458822503,1.906206158649451,0.2771527661074738
167,-2.3734310783967345,0.0284278154135103,5.958955730133852,-1.570444360686166,-2.277728019254968,-1.7888927767586664,0.7782388869632445,-0.3338094000348027
168,-1.590450071558796,1.6212270533993094,1.973204531130264,-1.410035188554684,-2.014278659816147,-1.2099036623995207,1.946662659848002,-0.4498722695246965
169,-3.0872093630188453,1.277798247604809,2.149226250758225,-0.8142775196684461,-2.5475568903228103,-0.671604873172588,2.211613553775544,-0.6892576637448649
170,-1.169533523216119,-0.610409617612849,3.129744142170507,-1.5984079146477097,-2.010597424849527,-1.6349097672148616,0.1318938263329954,-1.5831825430026036
171,-1.2346309169724226,2.917411260975436,3.1648695830319493,-2.52515233383414,-1.0661400459209451,-1.7384225288886963,4.163070257860926,1.1638861357233758
172,-1.7621637845747482,1.6878647684846615,3.0985065665934,-1.5576301528637,-1.660915376689469,-1.1382207864489444,0.3456624803010402,-0.9352854226191724
173,-2.483503070884541,1.5571693005653755,4.701942990666877,-2.1138483256970573,-2.9443663521182706,-2.918479837812662,-0.3344096037195198,-0.1429104131770926
174,-1.3023658221501369,0.4283002526282359,3.2029156863160586,-2.1046098310159738,-2.5847278701342016,-1.7681786318324548,1.8036156263099807,1.091327870005991
175,-1.8582704402461576,2.1599828706623403,3.0719001850785066,-1.4185823762704233,-1.7060759533882297,-1.5318519501283123,1.3504830569100297,-0.5765185408303611
176,-0.1824946026951059,-1.5336792928536087,1.7306212105361445,-0.2289956127586625,-0.953264927509402,-0.1582305236678267,-0.920554950796476,-1.3679052026173146
177,-1.124018524504815,0.9060209548115554,1.0744157953400213,-0.7548507745465922,-1.4289802003430383,-1.850301418092932,1.0775582991424344,-0.1014040253126787
178,-2.862938600562462,1.1578429378707045,4.638179738685114,-2.2257832147285868,-2.358222208823189,-1.194918671567488,0.8104899188482851,-0.7856421160154142
179,-1.5106474690076557,1.017381416262235,1.406443582951327,-0.2490084497782974,-0.8080176743014172,-0.9706554145318402,1.7780929143094708,-0.3443407605690683
180,-2.016914748346857,-0.3083717886542797,4.353980875048699,-1.174854549561631,-3.162273952141464,-3.014259327258439,1.6778103537461586,-0.3760687843969912
181,-1.7674167735854285,0.6748069381635168,3.212540275172624,-1.5654350060233555,-2.5461760460602765,-1.610502794132512,0.0413670309818211,0.3666809263537893
182,-2.359628533405653,0.6223892459959202,3.54312829836837,-0.4154346996090242,-2.3462439968857307,-2.224232401099312,1.410062879414411,0.085661157308556
183,-3.244833478360924,1.1578429378707045,3.830369043993948,-2.2257832147285868,-2.8152420167346603,-2.7285041324027666,3.3592003554781127,-0.7856421160154142
184,-0.887332461978376,1.6558913347831548,3.385361350340672,-2.329505541363468,-1.515708361285186,-1.0139211321244486,2.256066930978443,0.7990214296048118
185,0.0,2.0,2.0,0.0,0.0,0.0,2.0,0.0
186,-2.483503070884541,3.3233348588625886,3.358957052361517,-2.1138483256970573,-2.450621295865905,-2.918479837812662,0.1908410827509301,1.5951892065443047
187,-3.085817827389976,1.4292705829445316,3.008356312654709,-1.104138081900048,-2.220529971465771,-1.6301423717406347,-0.4452253720719617,-1.920966605292779
188,-1.080500303343482,1.0823830046369491,1.515545551316175,0.5945733549565398,-2.041479014936231,-1.4989182076738832,1.314257481345542,0.2231747883599205
189,-0.3889933026077495,-1.767938729884472,0.5003395318357339,-0.6048843993595088,-1.0661400459209451,-0.4632959795815841,1.395071416198076,0.5587460304945843
190,-2.3222765892976827,0.2966643642631693,3.434570238018892,-2.2119314702698274,-2.0264121559595387,-0.68685168536719,0.0496797998504254,-1.1790937678625015
191,-2.11269036985292,1.292006624431447,2.327267124726081,-0.3974130690625617,-1.9716496925673488,-0.8324403016660984,0.6057101211641791,-2.1303274950179025
192,-1.2346309169724226,1.5118062637174636,2.720781241165913,-0.6048843993595088,-0.582995010005109,-1.3133803457863256,2.502270952863216,0.5587460304945843
193,-0.5972550633658017,-0.2638436317972628,3.008356312654709,0.2085756218120301,-0.953264927509402,-1.2621644097224327,0.505433785377067,0.2912790054090779
194,-0.9373400683916064,-0.0199929310851238,3.39993719626946,-0.3716620292456493,-1.978315568757524,-0.9255408184796076,0.6710532480423025,0.7981664099435943
195,-2.2371405459156506,3.190415007491778,2.125663060598612,-2.068328563638684,-1.1347542225111789,-1.1382207864489444,2.2425907258555284,-1.6298043008017264
196,-2.1777858912280794,0.9060209548115554,4.292300040950734,-1.8081309250767208,-1.9479802731068536,-0.3700602836185863,0.4594560242997377,-0.8619342151577697
197,-1.3891662705882213,0.8989011606084917,4.180186810017548,-1.6748122196207955,-1.5315493147621368,-2.762363721293838,0.6057101211641791,0.1706562979807321
198,-3.013117342695546,0.7676035802850728,3.396333460013054,-1.746160776387377,-2.1792835989944086,-2.39932086524768,2.212530419841897,0.3958378644966548
199,-1.7621637845747482,-0.3155355501914945,2.125663060598612,-1.5576301528637,-2.1870765308677598,-1.5650535813672986,0.9779718954858696,-0.9352854226191724
200,-1.6509022078664477,0.3812983941098823,2.683357918145378,-1.8081309250767208,-0.9099801275792228,-1.3568877066014833,-0.1586462505429589,-0.1014040253126787
201,-2.036396081806489,2.057157409447893,3.771818125493717,-1.0456384334472884,-1.993347550765812,-1.7576285640005722,-1.0340306766984533,-0.9549280500155068
202,-2.352841499591765,1.249303533733272,3.326030798471434,-2.364608293758041,-2.6823471675731234,-1.5025113949642774,1.1146318600735834,0.5445454002201353
203,-2.036396081806489,-0.3504390385405382,3.385361350340672,-2.329505541363468,-2.470986740246438,-1.3857748480625105,1.7860529870246007,-0.9549280500155068
204,-2.1246947069054176,0.8716770000801596,0.346693292056761,-1.9131057157997635,-1.7399963423544809,-0.1086123409684628,2.5688145021681503,0.4669551585210426
205,-1.657449724154759,-1.2994037307984811,1.8326045574338412,-0.6048843993595088,-1.5492850818367812,-0.8883381626839548,1.948671184530646,-0.651534179962999
206,0.1922204218252255,0.2937810439373428,2.6186530019571976,0.9672112355694454,-0.0731231692658354,-0.8115223063586684,1.3202320061742507,0.905931817989066
0,-1.8873282533106737,-0.8717056453012227,0.5546673045290841,-0.9755741578818744,-1.2541841404320029,-0.373919028884717,0.3685699887783464,-1.323038290220878
1,-1.014907857915888,0.0183923528933196,1.9887329557539095,-0.8184037902341997,-0.6133831998891409,-1.2973991486553524,-0.4759712938469837,-0.0992333959966549
2,-1.2708995695109906,-1.5236471509942648,1.1462460571134738,-0.9754805813235552,-2.0753509258413736,-0.440326019331774,2.4867219277679697,0.6963870738549741
3,0.0,0.0,2.0,0.0,0.0,0.0,0.0,0.0
4,0.0223036408722989,0.4666243443823853,0.4801123659749012,0.1606413434742124,-1.8247397291027232,0.6457589614211281,1.1066206159681895,2.0670879500036614
5,-1.7710501970096686,1.1441191177545609,1.7721907200630944,-0.8454758233700242,-2.1600665337711917,-0.485804370335982,1.040247913624496,-1.3413961092589246
6,-0.36928790183314,-0.3979799036997073,2.444240177495852,-0.0715759337083406,-1.5129247553154257,-0.434969966232027,0.2983638801132364,0.7464585425589484
7,-2.183761426413028,-2.2095118847847504,1.7587857245339584,0.9066703429826748,-0.8960162150976172,2.027343999918969,-0.8466675133346032,-1.7953714092607722
8,-2.415956507097468,-0.5322247691442188,3.9024020704487983,-2.0761959008054998,-2.070224470306805,-3.096802390110173,1.2034463335593226,-0.7215695432342614
9,-1.7493319734670398,-0.7537023463481829,0.7765163665331185,0.1321957947717694,-0.6150094790943675,-1.1238727420367598,2.69685596972216,-1.048566824664409
10,0.6844736443943389,-0.5566787420557909,2.197013616101888,-0.4267400625414627,-1.8841852202038976,-0.2385708119050959,0.8663592628415927,0.783356139863989
11,2.200520894999604,-1.479805960498911,2.5644356462949243,1.0425533064130617,0.2912483095108431,0.7510422731652371,0.6884193719790135,1.26440167667655
12,-2.05256342493294,0.6635012345369816,4.162406202445406,-0.7266937704918843,-1.406402049649585,-1.7936096346937809,2.0287566780017228,-0.096525646936839
13,-0.976857283552418,0.2467707901039248,3.0192365746813783,-0.4283002526282359,-1.6955360964010426,-2.065655981184704,-0.4135146985836507,-0.1595493169603126
14,-2.3349085114271686,-0.372276507925551,3.9419681476341424,-1.3487512119320584,-2.0753509258413736,-0.107585954345547,2.4867219277679697,-1.2606726184775063
15,-0.8355287003699745,-0.2991870153516253,2.1600421096048663,-1.0269114885120687,-0.7713341601160159,-0.6947304790088488,0.8146513885557715,-1.5523395351941454
16,-0.5797608268237928,0.2467707901039248,4.68196438083909,-0.8454758233700242,-1.6955360964010426,-1.2757301757603428,1.5248354510272115,1.0222974753382994
17,-0.9692619913656548,-1.034391608262764,3.7220294443641055,-0.1824746385498536,-1.856388388003406,-0.8609639251561532,0.6563093477849228,-1.6676638560276795
18,0.0,2.0,0.0,0.0,0.0,0.0,0.0,0.0
19,-2.1439398323319265,1.3352725943672783,2.8657567907048698,-1.904435872953056,-1.1105380971647978,-1.6853557884166444,1.9963506246859088,0.3986842848033503
20,-1.199537457651933,1.2143382293059195,2.375054416426504,-2.323473106970016,-1.5071090450969504,-1.2380038807696216,1.7132350157773657,0.0617078545483095
21,-2.877604247307175,0.4153564222104736,3.9024020704487983,-1.6306602997742763,-1.125635358379746,-1.814187502351703,1.718473295139632,-0.0595791365973242
22,-0.5693655462586389,-1.006015364821565,1.672458030192342,0.5970177053818387,0.2912483095108431,0.7510422731652371,1.718473295139632,-0.0595791365973242
23,-1.4926610266780531,-1.479805960498911,3.010424454346216,-0.7395890977118302,-0.6533408024162163,-0.5315726145932329,0.1733924103987042,-0.0595791365973242
24,0.0,0.0,0.0,0.0,0.0,0.0,0.0,0.0
25,-0.5693655462586389,-0.0584341734668725,1.672458030192342,-0.7395890977118302,-0.6533408024162163,-0.9591109105127228,0.6884193719790135,-0.7215695432342614
26,-2.02524559363682,-1.0101107814238166,2.379806568557681,-0.3004173463475394,-1.6500366722271538,1.3394032506198827,0.7323409372472098,-0.1095171356386786
27,2.005747032871944,0.0043839273565639,1.968428754155068,0.2425356250363328,0.7877118101250561,0.1065143881855431,2.439961663818904,1.3986800133566544
28,0.5370030456176631,-0.1047524038409438,-0.663012314917721,0.7210181230354178,0.1050672699483355,0.134604110692003,1.1066206159681895,-0.1267553931606019
29,0.0621565704442331,-0.4762192787985422,-0.7718949722934138,1.0444867589791458,-0.1968492770778761,-0.1434809870397533,1.3964786407602854,0.8424417975969354
30,0.0,0.0,0.0,0.0,0.0,0.0,0.0,0.0
31,-0.1826643700951676,-0.2019033737213931,2.1878726716025225,0.8232264595971291,-1.6955360964010426,-1.2757301757603428,1.5248354510272115,-0.7504727131096186
32,-0.5126919202296742,1.082629478137782,2.7780605519461976,-0.8293181221305072,-0.7838015273916005,-0.5316333376695455,1.691654872428783,-0.4181684473974074
33,0.0,0.0,0.0,0.0,0.0,0.0,0.0,0.0
34,-1.003384637171196,1.885198632599188,1.835858312481632,-1.6993488600553877,-1.3110904680847215,-2.1932093733219418,2.052102415765114,2.4997043502466445
35,-2.108277955873095,0.2531206335492548,5.009125857934642,-2.323473106970016,-2.000165439348952,-2.1170598907835543,0.7658239471447209,-0.5766492614686856
36,0.0,0.0,0.0,0.0,0.0,0.0,0.0,0.0
37,-0.2752879278525488,-0.0450656957542982,0.2340465712286633,-0.7338748373578564,-1.870637529884376,-0.8132451937472767,-1.0466581362766183,-0.8626659508562957
38,-0.976857283552418,-1.099251701372029,4.266282429299662,-0.8454758233700242,-1.231005659030894,-0.8807672730481624,0.0710728388190648,-1.3413961092589246
39,0.0,0.0,0.0,0.0,0.0,0.0,0.0,0.0
40,-1.1612979809387096,-1.988138364484967,4.074803031573587,0.0792758218950541,-1.8841852202038976,-1.6328158165452662,-0.6565378788721441,-1.1588491655839177
41,-1.57823532606954,1.2022699192076312,2.049094336403872,-0.4919737966198097,-1.19884700825662,-0.9904599505986184,1.727005062577926,-0.4730451359044194
42,0.0,0.0,0.0,0.0,0.0,0.0,0.0,0.0
43,-2.0244886649799567,1.0580186956724351,2.120651735237204,-0.8813949326254822,-2.1538488989488087,-0.6436362498692489,3.0552057028776107,0.793550246092575
44,-2.2798116743516883,0.7743105906874858,3.886796526820522,-2.006490162255873,-1.4339128147362727,-1.9975828545442813,1.398804798949126,0.2952749227763158
45,0.0,0.0,2.0,2.0,0.0,0.0,0.0,0.0
46,-0.6604626498584484,0.3855621123447715,1.1344589120507744,-1.5982810671681769,-1.2541841404320029,-0.910644907666608,1.7771177165936831,0.2871502982832332
47,-0.1826643700951676,0.6954449539292428,1.3565087685236663,-1.2626513941118127,-1.231005659030894,-0.8807672730481624,1.040247913624496,-0.7504727131096186
48,0.0,0.0,2.0,0.0,0.0,0.0,0.0,0.0
49,-0.5693655462586389,-0.0584341734668725,0.7804804140897597,0.1514821043506157,-1.125635358379746,1.178580569084727,4.293608103041178,2.5883824899504244
50,-1.5865642376144042,-0.5488729816869142,2.379806568557681,0.643302066262532,-2.129698495549001,-0.6717127413018631,0.7323409372472098,-1.2829150174816648
51,-0.5126919202296742,-0.4991343697907952,4.690666783922925,-0.8293181221305072,-1.833535715862494,-1.9347711790261173,-0.5969424747127495,0.2154201092653309
52,-1.0124130406763825,0.0639519262204318,0.5741249934407456,-1.2703549454234684,-0.8527004552993547,-1.3114565070879256,1.3525044520011484,0.6097595745522271
53,-2.5850153128319806,-0.8571874848916776,2.04398250650854,-1.3346806462084693,-1.973714020893728,-0.0334592281716946,1.8069452964161163,0.0739733690824182
54,-0.4923378485481037,-0.535597382096118,3.6497946011590257,-0.7266937704918843,-1.406402049649585,-1.3114565070879256,-1.3525044520011484,-0.8028108684259052
55,0.0,0.0,0.0,0.0,0.0,0.0,0.0,0.0
56,0.027737343580175,-0.535597382096118,0.5741249934407456,-0.1830325955603001,-0.2989988609491243,-0.8293033794820706,2.0287566780017228,0.6097595745522271
57,0.0,2.0,0.0,0.0,0.0,0.0,0.0,0.0
58,-1.8514587995741023,-0.8724015439562542,1.1366982946529265,-0.1854684191454312,-1.5155390966733535,-1.8184444344447503,2.9260098040218727,0.2812259414338945
59,-1.1383015141335144,-0.1162242968754043,2.1781948827273823,0.4315781109133079,-0.6307478266750552,-0.075342226784658,-0.127496148612015,-0.6461434960606021
60,-1.1078963823051455,-2.1180604282065545,0.7243109530667848,-0.1972587120707921,0.1112203944705892,0.9981560006437988,-1.1278713009877763,-0.4418360821684622
61,-2.4639269496592364,-0.5488729816869142,1.5258089961087524,-1.2441367589576109,-2.129698495549001,-1.8783823364549104,1.2305320510208222,0.4771818052828144
62,-0.7221618225773822,-0.9876162194647102,2.604975023882979,-1.7113385077500816,-0.800770354216435,-1.0661096346783423,0.8639712734327295,0.1239698553210647
63,2.0,0.0,0.0,2.0,2.0,2.0,0.0,0.0
64,0.0,2.0,0.0,0.0,0.0,0.0,0.0,0.0
65,-1.9543087668877608,-0.5322247691442188,2.118446838243633,0.1514821043506157,-1.5979299143432757,-0.5315726145932329,1.718473295139632,-1.3835599498711986
66,0.0,2.0,0.0,0.0,0.0,0.0,0.0,0.0
67,-1.5361552409789108,-2.2472827123468395,2.87895962639165,-2.2481159838622946,-1.3110904680847215,-1.6807772767513949,1.3964786407602854,-0.8148207550527737
68,-2.168146653738294,1.1441191177545609,3.0192365746813783,-2.097002535595389,-2.1600665337711917,-3.2505446893212446,2.4940105258326426,-0.1595493169603126
69,0.0,0.0,0.0,0.0,0.0,0.0,0.0,0.0
70,-0.0466083563845156,-1.5536436017431798,1.8217574359578332,-1.8448097002494956,-1.3086686216270471,-0.0639207238840216,1.1195055356433998,-0.4181684473974074
71,-0.0466083563845156,-0.4991343697907952,2.7780605519461976,-0.8293181221305072,-2.358402810097941,1.33921711747255,-0.5969424747127495,-1.6853455607228842
72,0.0,0.0,0.0,0.0,0.0,0.0,0.0,0.0
73,-1.0054176013913645,0.8174997281001806,2.3152814303729725,-2.360140533266712,-2.1290425238435238,-1.4237049299697722,2.265744029990928,0.5619514869490163
0,-0.850039949781191,-0.6767378115122925,1.3871308585925977,0.030391438213607,-0.4149354994791834,-0.6036645835146152,-0.2229882438741497,-1.3877533259291783
1,-1.448661143556354,3.820950074907794,1.7813941921678558,-0.6809973330188231,-1.3432226953731987,-0.9645257417184234,0.7006227308283303,-1.0311764471870395
2,-1.7680698027751611,-1.5049024138981528,2.50828650505116,0.778445455622234,-0.5914954898640844,1.2741584625694031,0.699968832877421,-0.6802721633088762
3,-1.5184927479818768,1.589597346463303,-0.1101418092577908,-0.5569546432480139,-1.0403038398681077,-1.6820335133326347,0.7395417373794119,-0.4307478135072376
4,-1.256800818971829,1.4180490611899377,1.990255983816876,-0.9095760015179768,-1.1585690504541084,-1.051719654687988,1.6068996867344087,1.129057267685806
5,0.0,2.0,2.0,0.0,0.0,0.0,0.0,0.0
6,-2.6040366125979326,1.3676578671375577,1.6627966718878475,-1.5383564956344151,-1.0789917727190992,-0.9302679432600136,0.699968832877421,-0.0800320192128089
7,-2.735367071698528,3.95349024151447,1.095401857040325,-1.4859838960019698,-2.13937002342182,-2.047972154140304,2.676077682155018,3.160323427831371
8,-1.0086536379372386,0.6674582818327409,1.2107774487355611,-0.4237931320512876,-0.6312528736393428,-1.195665277191799,1.165372540082542,-0.3606053267133406
9,-1.7566354745089157,0.9369638477199468,1.616474526129419,-1.089317355660241,-2.161927229929941,-1.6546347586915264,2.0861284244935128,0.0405428542738296
10,-0.4502686240934553,-0.1756601152863765,-0.3770352075868438,-0.8790569916034929,1.400752689703325,-0.2450614794933155,0.5054648622032465,-0.6211495565912797
11,-1.5184927479818768,2.291923125460344,1.160725220639795,-1.2226374837834888,-1.7594078766432968,-2.305008888641018,0.7395417373794119,1.3394486803581227
12,0.0,0.0,0.0,0.0,0.0,2.0,0.0,0.0
13,-1.891210302152428,-0.0810943800976678,3.473925939765784,-0.7159439968977452,-0.8693979772287055,-1.4144840155355247,0.0409437158676124,-1.046028534275682
14,0.0,0.0,2.0,0.0,0.0,0.0,0.0,0.0
15,-0.611845177945282,2.0471994297929257,1.4709042950019078,-1.896632788756888,-0.9491732399258724,-1.6134666889088187,0.1273442092232585,-0.2440179541084243
16,-0.4403010090204422,-1.2624745631983694,1.5874433018055634,-1.0906268920152469,-0.3415501331915686,0.3310734466870887,-0.6193046422601404,0.7858739966662946
17,0.0,0.0,2.0,0.0,0.0,0.0,0.0,0.0
18,-1.820287688166995,0.5093879248273252,4.474796317429052,-1.7208334043810871,-1.6396365343935742,-1.960996078011766,1.1099918518902734,-1.0588913831418107
19,-2.170206373725172,3.696574683454427,0.5252917056910023,-1.888320324318964,-1.7594078766432968,-2.305008888641018,1.5098977138162992,0.4543504334254425
20,-2.8328097083584423,0.2916068592472933,1.1464352219300418,-0.528732582657882,-1.9251699199898,-0.6692723562762242,1.0867430070425186,-0.3851868602482446
21,-2.274453303969261,0.3396847561025325,1.4885107778126216,1.222242752039781,-1.1585690504541084,0.3220796039755666,-0.8339605969127944,-1.575271517190376
22,-0.6621956427670054,0.4462790789685321,1.403012921633989,1.003220074429795,-1.999601020769037,0.4223486455268659,1.904296304388686,-0.3691630264169067
23,-2.274453303969261,4.653141976452152,1.990255983816876,-0.9095760015179768,-2.265482155983511,-2.8834519995727272,-0.8339605969127944,-0.8991893209713305
24,-0.3915596787425258,-2.16627915836812,3.817650900004915,0.369440803594194,-2.387988418686909,-0.2262082460195365,-0.2596686053659114,-1.0078049596982694
25,0.1396029358543028,-1.5097875731575914,-0.3770352075868438,0.9396816117140784,0.7073107641076194,0.3293013630691427,1.2524572694001623,-0.6211495565912797
26,2.229429150313265,0.3631647891747687,2.5294427092607927,0.163014008867196,0.8237216662888499,1.4776090074748969,2.60756553389818,2.261417523506545
27,-1.9097065346441424,0.7792027183641742,2.804483179747144,-1.775427006192345,-0.9722459323216036,-2.447891178246849,4.080373710699423,0.1295322115947528
28,-3.663722320871006,4.283905372711238,3.6057985358031166,-1.7637079006404797,-2.9793381354120583,-3.558952762137581,1.3284252668816556,0.9868433532160864
29,0.0,0.0,0.0,0.0,0.0,0.0,0.0,0.0
30,0.6080354537119618,-1.6105309678816029,1.843248566921331,-1.3693603236340992,-2.297324565612538,1.2633100702533744,0.8337432268471263,-0.8950725151564365
31,-2.21988330393673,2.492594800456053,0.9857426511607849,-1.48530319270935,-2.0664569382752016,-1.393787164618232,3.49343449099091,1.153563462240948
32,-0.7989095872119418,-0.3332633420814682,4.473774275530996,-1.880034058893336,-1.3478486569387405,-1.6348950776687667,1.364531318831998,-0.200475048013477
33,0.0,0.0,0.0,0.0,0.0,0.0,0.0,0.0
34,-2.159365605517197,-0.1824662317371694,3.3284925986896896,-1.197974050694186,-2.267674956528069,-2.5179795226293,1.077033969854672,0.8868598762909012
35,-0.857526625749298,1.93930602113962,2.185391970089938,-0.0701075765518854,-1.6412224912584867,-1.8911304856963909,2.7605762840581,1.7156409249998894
36,-1.6843081572412637,-0.8737336565229346,1.9725334197192468,-0.9703654429827694,-0.6046770155833029,-0.5567381618500137,2.8153550634392674,-0.6656212916077162
37,0.0,0.0,0.0,0.0,0.0,0.0,0.0,0.0
38,0.0,0.0,0.0,0.0,0.0,0.0,0.0,0.0
39,-1.820287688166995,-0.2253061975197784,0.9623973241566408,-0.9790948680099288,-0.8292725141002097,-0.635998728003816,1.1099918518902734,-1.0588913831418107
40,-0.7989095872119418,-1.2026459735983417,1.6294127924504356,-1.0163124391873624,-1.3478486569387405,-0.0411712001687504,1.8530270176978685,-1.3040074223995894
41,0.0,0.0,0.0,0.0,0.0,0.0,0.0,0.0
42,-0.3559454803586571,-0.6258820266587817,-0.2772074566806043,0.8609721834159434,0.431309112852664,0.3960420978100779,0.9931607269514768,-0.5883680289984576
43,-2.4968264375831626,3.34071709733938,1.4576317119168682,-2.163192395306041,-2.297324565612538,-2.6478666178375674,2.3196222449905197,-0.3591009491944985
44,-1.6843081572412637,-1.3778107660553969,1.9725334197192468,0.8210784517546508,-1.6266663376959272,-0.1391845404625036,1.257998236705807,-0.6656212916077162
45,0.0,0.0,2.0,0.0,0.0,0.0,0.0,0.0
46,-0.6125439274913712,-0.0617030045424449,1.3978639683216103,-2.040152610599742,-1.1604422758503392,-1.1573274706726695,1.1457918919570442,1.0145284662563236
47,-1.839417053301096,2.461347663406358,1.0920464641528778,-1.7947061928557693,-1.376454013749139,-1.230516469115431,3.805358629286451,1.2547838613539322
48,-2.6040366125979326,1.3676578671375577,3.776521254796128,-1.5383564956344151,-2.0539843384291285,-1.371153224425897,1.716872706307088,-1.2805123074049434
49,0.0,0.0,0.0,0.0,0.0,0.0,0.0,0.0
50,0.0,0.0,0.0,0.0,0.0,0.0,0.0,0.0
51,-1.3836165801967202,0.1991510669764514,0.3281183411183194,-1.2069871963121916,-0.9722459323216036,-1.8911304856963909,4.740272424020084,1.7156409249998894
52,0.0,0.0,0.0,2.0,0.0,0.0,0.0,0.0
53,-1.820287688166995,1.9787761695215325,0.9623973241566408,-1.7208334043810871,-1.6396365343935742,-1.960996078011766,1.9863012086457523,-1.0588913831418107
54,0.1106916550940086,1.1425747816069145,1.5047389328293068,-0.5225044692984143,-1.115671676639615,-0.5567381618500137,0.2197603522168326,3.113931783767329
55,-2.159365605517197,0.9740098849068636,2.195924228625145,-1.9634526773358385,-1.4490197375648677,-0.9475141239000072,1.5283051862742274,0.8868598762909012
56,-1.238454935793344,0.2661113605033775,0.1899961219945712,-0.0453143254429442,-1.3172413446581366,0.3960420978100779,0.9931607269514768,-1.221021823620455
57,-2.081981905985816,3.582451211991647,0.7660274890735241,-1.2720987709409743,-1.1262534985863548,-1.7912014691171367,2.006894194867349,0.3726103010422953
58,-0.6217021144319043,-1.4672696984425495,-0.7192609923944513,0.3538089451070384,-1.537357476949404,1.14877644279212,1.621784762046984,0.7604475024473034
59,-1.7566354745089157,2.716009128200859,1.023635457866796,-1.089317355660241,-2.161927229929941,-2.730236985359908,-1.197389557395542,0.0405428542738296
60,0.0316479739252799,0.2030258071441749,2.195924228625145,-1.5807133640150122,-1.4490197375648677,-0.9475141239000072,0.6257627534351168,0.8868598762909012
61,-1.4716051286562102,0.7636309239338551,1.258631534843761,-0.3300504400732428,-0.1873171623163387,-0.8021001972681902,-0.0274178481110119,-0.873192003154413
62,0.0,0.0,0.0,0.0,0.0,0.0,0.0,0.0
63,-1.5184927479818768,1.589597346463303,2.4315922505373817,-0.5569546432480139,-1.0403038398681077,-1.0590581380242516,0.7395417373794119,-0.4307478135072376
64,-0.6125439274913712,-0.4921890827455489,1.3978639683216103,-0.3281364338726857,-1.6591997010009147,-0.3517631059353124,0.6249773956129332,-0.1296765708748683
65,-2.8366936758816554,3.102189870240996,1.5315132059658023,-1.5597737703080203,-2.352131026059168,-2.21228745535736,1.2963527515116762,1.0047820761981014
66,-1.3500863978637758,-0.0686222733802976,2.085541588469504,-0.1482753248804256,-1.0789917727190992,-0.4893826620941303,1.2084207695922546,-0.6802721633088762
67,-1.5981931864461951,0.2423575923253517,2.8524383512105183,-1.556801568575555,-1.3448593509251223,-1.8848067729455704,0.6420111134778619,-1.1065602418277851
68,0.4323183878074902,1.5299789412135842,-0.7548817469210736,0.6097911713661313,-0.8463528506622285,0.4965696946452357,0.1160176353600799,1.560899889542445
69,-3.030558016492718,1.6466518911393766,4.311505854168947,-1.8660873903514796,-2.648655659808552,-2.644506268787564,1.7771171789502935,-0.6656212916077162
70,0.0,0.0,2.0,0.0,0.0,0.0,0.0,0.0
71,-2.525762930584944,3.117449060946615,2.239917733657492,-1.9047065329714667,-2.396169483768038,-2.099403336722073,3.749021844852789,1.0800781514983
72,-1.4784862363119788,0.2884765276675565,-0.2819801085900228,0.0548176917175973,-1.3233459998024448,-0.2314735324099304,2.104090431954522,-0.0535799719776817
73,-2.303873940088017,2.1229940347072214,1.616474526129419,-0.52294784665145,-2.161927229929941,-1.116833645357336,2.0861284244935128,0.8007213719081374
74,0.0,2.0,2.0,0.0,0.0,0.0,2.0,0.0
75,-2.242372559397459,2.0907273864730747,2.6264553467292755,-1.6121485664179778,-1.6591997010009147,-1.560109653041348,3.749864373677599,0.4424259476907276
76,2.0,0.0,0.0,2.0,2.0,0.0,0.0,0.0
77,-2.398551705033183,0.7670528254113584,2.0409230413813098,-1.953461098801876,-2.42608143429764,-1.9787182707297064,4.524594347423069,0.864067821637954
78,0.0,0.0,0.0,0.0,0.0,0.0,0.0,0.0
79,-2.081981905985816,0.7429918629890208,1.3871308585925977,-1.2720987709409743,-1.8375714976935265,-1.7912014691171367,-0.966282390121316,-0.5075715124434417
80,0.7398306266931524,-2.941182554416008,0.3945619221428791,0.778445455622234,0.3834970758459451,1.7150437437352866,2.2253246430219216,0.5202081248832583
81,-2.303873940088017,3.309024221694496,1.023635457866796,-2.222056373677822,-2.161927229929941,-2.730236985359908,0.772721231737891,-0.719635663360478
82,-1.140988986716848,-0.2260557462585525,0.9731178103888884,-0.7457963122663466,-1.3585165464077644,-0.8210767617243293,1.0170770081334193,-0.7131712832379694
83,-1.820287688166995,1.2440820471744287,1.664877122811123,-0.9790948680099288,-1.6396365343935742,-1.960996078011766,0.2336824951347943,0.90201858563932
84,0.0,0.0,0.0,0.0,0.0,0.0,0.0,0.0
85,-0.7868082510736275,1.6466518911393766,1.5047389328293068,0.3732174780702957,-0.6046770155833029,-0.9742917832375236,-1.8567154167611155,-1.2955468041702238
86,-0.2400923700337365,-0.4234737433337551,1.3590064941786777,0.5882679450424906,-0.0479414726411501,-1.2136129488974214,0.4089436672049421,0.016834373624118
87,-1.328851245849909,-0.2674732923347541,2.1539867849408743,-0.5435059477888345,-1.7293156289060416,-1.6134666889088187,0.1273442092232585,-1.2750797320313445
88,-0.043122059006733,-0.5775905847772675,0.3294240115295139,0.7451662008527554,-1.4464320329114746,-0.9696777213419634,0.0409437158676124,-0.4246254446069599
89,-2.21988330393673,1.1584673425848384,4.392687298029856,-1.48530319270935,-2.0664569382752016,-1.9681500071806903,0.5054648622032465,-0.6211495565912797
90,0.1522009325787646,-0.1864329102773753,0.8247697605095586,-0.0349920934721246,0.2748517296707185,0.3672958694641471,-0.2038641258107839,0.7604475024473034
91,-0.93210299295239,0.8888978202982725,2.50828650505116,-1.0749961053830852,-1.0789917727190992,-0.9302679432600136,2.2253246430219216,1.1204482689793256
92,0.0,2.0,2.0,0.0,0.0,0.0,2.0,0.0
93,-2.274453303969261,2.4964133662773427,2.9937463958253847,-1.975485378296856,-1.7120256032188097,-2.4255189133515427,4.047759970381612,-0.223107124752285
94,-1.0086536379372386,-1.4672696984425495,1.9827928251875664,-1.5901962477887768,-2.443462080259465,-1.5864055638557857,0.252548096153658,1.8815003316079475
95,-2.4357964890915644,0.7792027183641742,2.804483179747144,-0.6385473864320386,-1.6412224912584867,-2.447891178246849,1.4407788574167772,-1.456576501810384
96,-0.7989095872119418,-1.2026459735983417,0.4104007282730523,-0.1525908194813887,-1.3478486569387405,0.3572597692062536,0.8760356199661274,-0.200475048013477
97,-1.5981931864461951,2.0157058288523158,-0.1793827483932213,-0.7515593779330265,0.5058645264947708,-1.1288682276465447,2.5489748168774518,-1.1065602418277851
98,0.0,2.0,0.0,0.0,0.0,0.0,0.0,0.0
99,-1.9097065346441424,1.359254369751897,1.5663007604327317,-1.775427006192345,-0.9722459323216036,-1.3343697931459324,1.4407788574167772,-0.6635221451078156
100,0.0316479739252799,-0.1824662317371694,0.6858330685390853,-1.5807133640150122,-1.4490197375648677,-0.0052348846624312,2.4308476191133384,0.8868598762909012
101,-0.6516792900915702,-0.4234737433337551,4.480169734397651,-0.2622399273080985,-0.4837730421061501,-0.8291526694156617,-0.0307807061337054,-1.666602988787702
102,-1.4291882413660044,1.9048904386207308,-0.1197905496470959,-0.228907264314245,-1.4464320329114746,-0.0800651329548409,1.7159139104517604,-1.046028534275682
103,-2.3602053764614443,1.5502327367129825,2.964321818615721,-1.5597737703080203,-1.8187679816013067,-2.21228745535736,1.8864981619115289,-1.7108451567697405
104,0.0,0.0,2.0,0.0,0.0,0.0,0.0,0.0
105,-3.030558016492718,3.662960329269225,3.3759168803890667,-2.3139483640358347,-2.1376609987522395,-2.644506268787564,1.257998236705807,0.5942297335172988
106,-0.6496911611050961,-0.3300772159586951,1.7655838024757533,-0.5353564898635932,-2.053758459239862,-0.4722634627988289,-0.112904136606578,-0.2929246840958411
107,-1.820287688166995,2.713470291868636,1.664877122811123,-1.7208334043810871,-1.6396365343935742,-1.960996078011766,0.2336824951347943,0.90201858563932
108,-2.6213620307416483,0.182438774771627,1.1809277497488564,-0.0591650759897476,-1.2799552492873083,0.157849771591116,1.5161489094273304,-0.4631058249214126
109,-1.102697272332437,1.9787761695215325,1.664877122811123,-0.9790948680099288,-0.8292725141002097,-1.298497403007791,1.9863012086457523,-0.0784363987512453
110,0.0,0.0,2.0,0.0,0.0,0.0,0.0,0.0
111,-1.395605161442573,0.6674582818327409,2.3688005134135683,-0.0349920934721246,-1.9904097786044348,-1.195665277191799,2.534609205975868,-0.3606053267133406
112,0.0316479739252799,0.2030258071441749,0.6858330685390853,-0.4324954240525338,-1.4490197375648677,0.3088581950834274,0.6257627534351168,-0.1305701921116624
113,-1.427458243444415,1.6602413082699703,1.3978639683216103,-0.3281364338726857,-1.1604422758503392,0.051019076433366,0.6249773956129332,-1.8459841265716563
114,0.5589376741276425,0.479229497931825,-0.5953803564927956,-1.0674899923282326,-1.3100425428482112,-0.2827957143221761,-0.3623734664163614,-0.5210598485243354
115,-2.5234392052527403,1.8166141433229648,2.2130175514920905,-2.28747855498907,-1.9596504153349277,-2.515393458970934,-0.3623734664163614,-0.5210598485243354
116,0.0,0.0,0.0,0.0,0.0,0.0,0.0,0.0
117,-1.569277955226704,2.8100240277641126,2.654034546019828,-1.0906268920152469,0.2576606267936396,-1.2048342956756943,1.6958528988992634,1.5691371162672527
118,-1.3500863978637758,0.4101377734589874,0.8173068387245354,-0.6116357151317555,-0.5914954898640844,-0.0484973809282469,-0.3169350405522461,1.1204482689793256
119,-2.5234392052527403,2.4853064660185344,1.6513379698951134,-1.0674899923282326,-1.3100425428482112,-0.2827957143221761,1.6384616242261243,-0.5210598485243354
120,-0.2272616884068858,0.2916068592472933,1.5936791316556758,-0.0538230772765508,-0.4224353770662788,0.2036915866927639,0.51376778364576,0.2394404806948547
121,-0.961015632339238,-0.4476133975692093,2.6241231768234416,-0.805837379334082,-1.587108318736624,-0.3292487526393806,0.950083926671528,-1.069331105214735
122,0.0,0.0,0.0,0.0,0.0,0.0,0.0,0.0
123,-2.3602053764614443,0.5155946476943069,3.4419246894990274,-2.573711215795357,-1.8187679816013067,-2.672222477261177,1.8864981619115289,-0.3530315402858194
124,-0.7228714647726371,-1.6784088882476036,2.248610609525569,0.0548176917175973,-1.3233459998024448,-0.585769755486354,0.8123568789128647,0.482219747799138
125,-2.367858864907007,1.546930498906566,2.2189300854244496,-0.7457963122663466,-2.284777828049422,-2.3875189144575497,1.0170770081334193,-0.7131712832379694
126,-0.3230757345900752,-0.6693023075498321,2.6342008437696367,0.1098017515191371,-0.432255264766107,-0.4294662235410242,0.5249429719398292,-0.0912195827397401
127,0.3819020064234337,-1.386602648762949,-0.476179249964623,-0.6208536663636837,-1.1262534985863548,-1.197433026315876,1.2636000486201828,0.3726103010422953
128,0.0,0.0,0.0,0.0,0.0,0.0,0.0,0.0
129,-1.8837170770412333,3.619508914750333,2.4867189477324145,-1.5597737703080203,-1.2854049371434455,-2.21228745535736,3.066788982711234,-0.3530315402858194
130,-0.733701861057406,0.6666874154190476,0.3009864441166125,-0.335465049975952,-1.6985350103228645,-0.7256302329725228,2.4975767217844616,2.057560493287332
131,-2.045857313754537,0.5040842817078058,1.4709042950019078,-1.2200693682728612,-0.9491732399258724,-1.6134666889088187,2.618861346200056,-0.2440179541084243
132,-1.0499095754959284,-0.0154149735545997,-1.1606915604563388,0.2674176550116472,-1.0057896535376594,0.060041561148919,0.4730952339721064,-0.1658256232756042
133,-2.649829717373981,2.5212134646761784,2.216924887260054,-1.6121485664179778,-2.1579571261514903,-1.9628918354100264,3.229049877333488,0.4424259476907276
134,0.0,0.0,0.0,0.0,0.0,0.0,0.0,0.0
135,-0.8667791222385821,0.8872715674662619,0.5252917056910023,-1.2226374837834888,-1.7594078766432968,-0.4360827627158684,1.5098977138162992,0.4543504334254425
136,-0.8667791222385821,-1.2197057695248614,1.7961587355885884,-0.5569546432480139,-1.0403038398681077,-2.305008888641018,0.7395417373794119,-1.3158460604399178
137,-2.120964391228031,2.050098134827696,3.460421172720801,-1.4047440887312757,-2.1915165734135367,-2.122953577307025,3.0234722641606284,0.676939560245537
138,-0.6125439274913712,0.7992691518637628,1.3978639683216103,0.0998676103090783,-0.6616848506997637,0.051019076433366,1.1457918919570442,1.5866309848219198
139,-1.5184927479818768,0.1849457884692207,3.0670257654861746,-0.5569546432480139,-1.0403038398681077,-1.6820335133326347,0.7395417373794119,-1.3158460604399178
140,0.0,0.0,0.0,0.0,0.0,0.0,0.0,0.0
141,-0.9671661805795806,1.9048904386207308,3.473925939765784,-1.2029807294812451,-0.2923639215459364,-1.859290309729086,3.9492075032306246,0.8181807347304841
142,-0.0840040467942024,0.802985945354674,1.8247250986812544,0.7915319724006603,-2.2048045904513534,0.7140298528901001,0.5209347458813822,-0.8666578910069066
143,-2.045857313754537,1.2756418557503657,-0.5783431748149916,-0.5435059477888345,-1.7293156289060416,-0.3627173176616725,2.618861346200056,-1.2750797320313445
144,-0.4014421308875926,0.5361192894354054,1.6294127924504356,1.1429916100775717,0.0792852151140437,0.7556907385812577,1.364531318831998,-0.200475048013477
145,-2.1337664283298348,1.646453001774832,3.720625790234092,-0.053580718942112,-0.3415501331915686,-1.2048342956756943,2.853431669478965,0.7858739966662946
146,0.0,0.0,0.0,0.0,0.0,0.0,0.0,0.0
147,-1.530035698382664,4.095174588559815,1.1464352219300418,-1.4785515934205449,-1.9251699199898,-1.9787182707297064,0.51376778364576,-0.3851868602482446
148,0.0327433067667045,-0.1049005555154755,1.1640717303331725,1.1760886586684542,-1.3233459998024448,0.8314151368193405,0.8123568789128647,1.5538191873527776
149,-1.820287688166995,2.713470291868636,0.9623973241566408,-1.7208334043810871,-1.6396365343935742,-1.960996078011766,1.1099918518902734,-0.0784363987512453
150,-1.238454935793344,0.2661113605033775,1.5916068580200982,0.4078289289864996,-0.8801037302804364,-0.0237905147094392,0.9931607269514768,0.0442857656235397
151,-1.7680698027751611,2.325177960816128,2.085541588469504,-1.5383564956344151,-1.566488055574114,-1.8120385055917805,3.242228516451589,-0.0800320192128089
152,0.0,0.0,0.0,0.0,0.0,0.0,0.0,0.0
153,-2.120964391228031,1.1581047476655366,2.058810436695274,-0.498457579872388,-1.3172413446581366,-1.703120964787508,0.4855828426491889,-0.5883680289984576
154,-2.209629774604217,0.182438774771627,0.7837547397436356,-0.44502426722723,-2.122955413472144,-1.2881023345870437,1.980276126598962,-0.4631058249214126
155,-1.891210302152428,1.9048904386207308,3.0247113785891737,-0.228907264314245,-0.8693979772287055,-1.4144840155355247,1.7159139104517604,-0.4246254446069599
156,0.2696779085243197,0.3396847561025325,0.9867655718083672,0.156333375260902,0.5018006078399957,1.2379457764179362,0.3864695449108071,0.4529750714667604
157,-1.55957441796968,0.5626465347428949,1.5014450460948972,-0.7169418112888954,0.1458778886810346,-0.8879830885708538,2.292692287710977,-0.1658256232756042
158,0.0,0.0,0.0,0.0,0.0,0.0,0.0,0.0
159,-2.398551705033183,0.7670528254113584,2.488166951106944,-1.4785515934205449,-1.9251699199898,-1.1057543277607182,3.378643900629553,-1.009814201191344
160,-0.7989095872119418,-0.3332633420814682,1.6294127924504356,-0.1525908194813887,-1.8235599476230016,-0.0411712001687504,-0.5894514766314838,0.9030573263726354
161,-2.1330581103250816,2.654806110204301,1.9725334197192468,-1.8660873903514796,-2.648655659808552,-2.226952647400054,0.7388792944613196,-1.2955468041702238
162,-1.569277955226704,-1.8442600761930092,0.520852057591299,-0.053580718942112,-0.940760893176777,-0.6928650482214334,1.1170635136094125,0.0026108770653365
163,-2.5818080634089,-0.8737336565229346,4.311505854168947,-1.4182264166671243,-2.1376609987522395,-1.391845404625034,0.7388792944613196,-0.6656212916077162
164,0.0,0.0,0.0,0.0,0.0,0.0,0.0,0.0
165,-1.8837170770412333,1.0329136922036446,1.5315132059658023,-1.0528050475643518,-0.2186788482277231,-1.2924174115497258,1.2963527515116762,-1.03193834852778
166,-1.0406691750980783,0.1040982109412308,2.0668473196750328,0.833855174443976,-1.901364952591196,-0.5102905669685702,-0.6973080611251326,-0.2701978102174109
167,-2.4357964890915644,1.359254369751897,2.804483179747144,-1.2069871963121916,-2.31019905019537,-2.447891178246849,2.1006775707374383,0.1295322115947528
168,-1.2355582041574455,-0.3696565469904723,2.9081223934991267,-0.9703654429827694,-1.6266663376959272,-0.5567381618500137,0.7388792944613196,1.2241552460798062
169,-0.7868082510736275,0.6384976720744521,4.311505854168947,-0.9703654429827694,-1.115671676639615,-1.391845404625034,1.257998236705807,-0.6656212916077162
170,0.0,0.0,0.0,0.0,0.0,0.0,0.0,0.0
171,-0.8667791222385821,0.1849457884692207,-0.7455753242065839,-0.5569546432480139,-1.7594078766432968,0.1868926125925148,0.7395417373794119,-1.3158460604399178
172,-2.1337664283298348,-0.680689050203729,1.5874433018055634,0.4649423675944553,-2.1391824131471937,-1.2048342956756943,1.1170635136094125,0.0026108770653365
173,-2.1337664283298348,2.228238514769472,2.1207389239126955,-0.5721038054786793,-1.5399716531619854,-1.716803543129955,1.1170635136094125,-0.7806522425356215
174,-1.3500863978637758,-0.5473823202195827,1.2400517553061914,-1.5383564956344151,-0.5914954898640844,-1.371153224425897,1.716872706307088,-0.6802721633088762
175,-2.735367071698528,0.6634844926813466,3.0370299640541947,-1.4859838960019698,-2.13937002342182,-2.944894265442628,3.287519650659592,-0.9204385306309448
176,0.0,2.0,2.0,0.0,0.0,0.0,0.0,0.0
177,-0.6555984737262331,0.3020397987072161,-0.7961858286538005,-0.6809973330188231,-1.3432226953731987,-0.1282317460088077,1.6560173637760534,-1.0311764471870395
178,0.2607637622203732,-1.4273151202721417,0.7837547397436356,0.7125533064852171,-0.4369550851024732,0.157849771591116,1.980276126598962,2.2086585496251985
179,-2.7768154909703937,2.4334236214891254,1.803659327079263,-2.029193407944572,-0.8953859055869358,-1.9959083762742449,0.0328089357462392,-0.0912195827397401
180,-0.3380582979898094,-1.3778107660553969,-0.3664390147304529,0.3732174780702957,-0.0936823545269906,0.6959227023125165,-0.2993585900276544,1.2241552460798062
181,-2.6213620307416483,2.59706961733728,1.9752737697592984,-2.374320223414642,-2.544455495564561,-3.095542467309743,2.4444033437705937,-1.5318115747400574
182,0.0,0.0,0.0,0.0,0.0,0.0,0.0,0.0
183,-1.332503228347491,1.27769707016397,3.0000991319347188,-1.76627635947007,-2.297324565612538,-1.865631280219379,0.3384502207993285,-0.8950725151564365
184,-0.7228714647726371,-0.4982776386985075,2.610123569256368,0.4285746807012163,-1.3233459998024448,-0.2314735324099304,-0.048798823114907,0.482219747799138
185,-1.048836657899479,0.8057326431778659,0.3607653497647898,-0.2064706239568582,0.2026519293665079,-1.230516469115431,0.3745319161807101,-0.9792526870506948
186,-1.6300117439889716,0.4914036136492309,-0.3770352075868438,0.3334354106082213,0.0138688385119141,0.903664205631601,0.5054648622032465,0.2662069528248342
187,-2.186053207686547,1.8464179139768424,2.085541588469504,-1.5383564956344151,-1.566488055574114,-1.8120385055917805,2.2253246430219216,0.5202081248832583
188,0.0,0.0,0.0,0.0,0.0,0.0,0.0,0.0
189,-1.4291882413660044,0.9118980292615316,2.575496817412564,-1.6900174620647457,-2.0234660885942435,-0.9696777213419634,2.2742373086464767,-0.4246254446069599
190,0.0858808914733111,0.2171908150327271,1.3883885687340756,0.1098017515191371,-1.3585165464077644,0.3537548528255859,0.0328089357462392,-0.0912195827397401
191,-1.6300117439889716,1.8255310715204456,3.029909439282228,-0.8790569916034929,-2.0664569382752016,-2.5425128497431486,0.5054648622032465,0.2662069528248342
192,-0.3380582979898094,-0.8737336565229346,1.0369444459393669,0.8210784517546508,-0.0936823545269906,0.2783690809250064,0.7388792944613196,-0.0356957790452087
193,-2.6213620307416483,0.182438774771627,2.76961978976974,-0.0591650759897476,-1.2799552492873083,-0.9266143080425036,1.0520216922556986,-0.997458699830735
194,0.0,0.0,0.0,0.0,0.0,0.0,0.0,0.0
195,-1.7572858780041796,-0.4331840902630279,2.06621591054726,-0.9639755016218868,-0.5335042844062753,-1.1510500428379813,1.4531937451458703,-0.240311537553892
196,-0.3775359090877915,-0.1115469216459887,2.829272574696156,-1.4373575498969613,-2.089602165424061,-0.3876037269294221,-0.4374602763953755,0.1405786672432337
197,-2.8366936758816554,2.5848708257316577,3.4419246894990274,-2.573711215795357,-1.8187679816013067,-2.21228745535736,2.476643572311381,1.0047820761981014
198,-0.6740130776245107,-1.5268474701548842,0.5279788067011588,0.1524985703326046,-1.3100425428482112,-0.2827957143221761,0.3045715637978006,-0.5210598485243354
199,-1.6843081572412637,-0.3696565469904723,4.311505854168947,-0.9703654429827694,-1.115671676639615,-1.391845404625034,1.257998236705807,-0.6656212916077162
200,0.0,0.0,0.0,0.0,0.0,0.0,0.0,0.0
